,UAV_1_new_velocity_twist,actual_UAV_1_pose,actual_UAV_1_vel,goal_UAV_1_pose
0,"linear: 
  x: 1.00898969173
  y: -0.407117843628
  z: 0.0021151417692776586
angular: 
  x: 0
  y: 0
  z: 0","position: 
  x: -3.60714244063
  y: 3.32548735984
  z: 4.98993968964
orientation: 
  x: -0.0101157701549
  y: 0.00463185049838
  z: 0.0122115855492
  w: 0.999863537856","linear: 
  x: -0.0383371934295
  y: 0.0469938404858
  z: 0.0371827371418
angular: 
  x: 0.00536561943591
  y: -0.0486864335835
  z: 0.0381043702364","position: 
  x: 4.19239411648
  y: -2.12040968298
  z: 5.0
orientation: 
  x: 0.0
  y: 0.0
  z: 0.0
  w: 0.0"
1,"linear: 
  x: 1.00880885124
  y: -0.40711453557
  z: 0.0007214963131112907
angular: 
  x: 0
  y: 0
  z: 0","position: 
  x: -3.60793803412
  y: 3.32495217532
  z: 4.99656820297
orientation: 
  x: -0.0052342935605
  y: 0.0175534513537
  z: 0.0118437281663
  w: 0.999762074005","linear: 
  x: -0.00988199096173
  y: 0.0263492874801
  z: 0.0188685636967
angular: 
  x: 0.28675571084
  y: 0.718164741993
  z: -0.0655429065228","position: 
  x: 4.19239411648
  y: -2.12040968298
  z: 5.0
orientation: 
  x: 0.0
  y: 0.0
  z: 0.0
  w: 0.0"
2,"linear: 
  x: 1.00617313385
  y: -0.400987178087
  z: -0.0007808014588249985
angular: 
  x: 0
  y: 0
  z: 0","position: 
  x: -3.59010676447
  y: 3.31512706861
  z: 5.00370597839
orientation: 
  x: 0.020976283458
  y: 0.0794390457093
  z: 0.0100993541776
  w: 0.996567828396","linear: 
  x: 0.134303301573
  y: -0.0396114774048
  z: 0.0210115853697
angular: 
  x: 0.0937718451023
  y: 0.248538285494
  z: -0.034371368587","position: 
  x: 4.19239411648
  y: -2.12040968298
  z: 5.0
orientation: 
  x: 0.0
  y: 0.0
  z: 0.0
  w: 0.0"
3,"linear: 
  x: 0.999555230141
  y: -0.382650315762
  z: -0.0025805367559426063
angular: 
  x: 0
  y: 0
  z: 0","position: 
  x: -3.53365701589
  y: 3.28792515159
  z: 5.01216840744
orientation: 
  x: 0.0193446338647
  y: 0.0776540599381
  z: 0.0108148810921
  w: 0.996734001859","linear: 
  x: 0.350852310658
  y: -0.13038623333
  z: 0.0104774460196
angular: 
  x: -0.0399744585156
  y: -0.149095773697
  z: 0.0622360035777","position: 
  x: 4.19239411648
  y: -2.12040968298
  z: 5.0
orientation: 
  x: 0.0
  y: 0.0
  z: 0.0
  w: 0.0"
4,"linear: 
  x: 0.991657376289
  y: -0.353749632835
  z: -0.0030816021811475537
angular: 
  x: 0
  y: 0
  z: 0","position: 
  x: -3.44213695976
  y: 3.24699042127
  z: 5.01437950134
orientation: 
  x: 0.0140020734551
  y: 0.0643836418158
  z: 0.0112476451905
  w: 0.997763588774","linear: 
  x: 0.496885210276
  y: -0.186440944672
  z: 0.00434425333515
angular: 
  x: -0.0940725058317
  y: -0.0564063750207
  z: -0.0387324430048","position: 
  x: 4.19239411648
  y: -2.12040968298
  z: 5.0
orientation: 
  x: 0.0
  y: 0.0
  z: 0.0
  w: 0.0"
5,"linear: 
  x: 0.985624551773
  y: -0.318568587303
  z: -0.004582156033305823
angular: 
  x: 0
  y: 0
  z: 0","position: 
  x: -3.33003665659
  y: 3.19750608638
  z: 5.02110624313
orientation: 
  x: 0.00954933790655
  y: 0.0585557019108
  z: 0.0106907588578
  w: 0.998181219816","linear: 
  x: 0.549785077572
  y: -0.213168129325
  z: 0.0030031837523
angular: 
  x: -0.0239284876734
  y: 0.000782058574259
  z: -0.0159946456552","position: 
  x: 4.19239411648
  y: -2.12040968298
  z: 5.0
orientation: 
  x: 0.0
  y: 0.0
  z: 0.0
  w: 0.0"
6,"linear: 
  x: 0.984411478043
  y: -0.280982166529
  z: -0.0068896871085081645
angular: 
  x: 0
  y: 0
  z: 0","position: 
  x: -3.20764894935
  y: 3.14499826864
  z: 5.03128671646
orientation: 
  x: 0.00620521179273
  y: 0.0537183849948
  z: 0.011413113282
  w: 0.998471617676","linear: 
  x: 0.592005372047
  y: -0.222025498748
  z: 0.00160842796322
angular: 
  x: 0.00252215377986
  y: -0.0730891153216
  z: 0.0203769654036","position: 
  x: 4.19239411648
  y: -2.12040968298
  z: 5.0
orientation: 
  x: 0.0
  y: 0.0
  z: 0.0
  w: 0.0"
7,"linear: 
  x: 0.988571166992
  y: -0.248555123806
  z: -0.008603651135335247
angular: 
  x: 0
  y: 0
  z: 0","position: 
  x: -3.09849630448
  y: 3.09931092099
  z: 5.03857374191
orientation: 
  x: 0.00355317921599
  y: 0.0533482697219
  z: 0.0112852391695
  w: 0.998505874","linear: 
  x: 0.604546844959
  y: -0.221904680133
  z: -3.44647414749e-05
angular: 
  x: 0.051258303225
  y: -0.03562502563
  z: 0.0406234413385","position: 
  x: 4.19239411648
  y: -2.12040968298
  z: 5.0
orientation: 
  x: 0.0
  y: 0.0
  z: 0.0
  w: 0.0"
8,"linear: 
  x: 0.981589198112
  y: -0.212768226862
  z: -0.010821106348785609
angular: 
  x: 0
  y: 0
  z: 0","position: 
  x: -2.96674518439
  y: 3.04766029254
  z: 5.04777383804
orientation: 
  x: 0.00130310141068
  y: 0.0530611704443
  z: 0.0116083789764
  w: 0.998522938973","linear: 
  x: 0.625288367271
  y: -0.215720385313
  z: -0.00363666121848
angular: 
  x: -0.0601219125092
  y: -0.0142346639186
  z: -0.0202792659402","position: 
  x: 4.19239411648
  y: -2.12040968298
  z: 5.0
orientation: 
  x: 0.0
  y: 0.0
  z: 0.0
  w: 0.0"
9,"linear: 
  x: 0.949662685394
  y: -0.179759800434
  z: -0.013990844187651601
angular: 
  x: 0
  y: 0
  z: 0","position: 
  x: -2.83528636548
  y: 2.99964580074
  z: 5.06082677841
orientation: 
  x: -0.000654435181407
  y: 0.0546555319163
  z: 0.0112165406426
  w: 0.998442053282","linear: 
  x: 0.630380630493
  y: -0.203044831753
  z: -0.0022743307054
angular: 
  x: -0.0114279417321
  y: 0.0611531175673
  z: -0.0460668504238","position: 
  x: 4.19239411648
  y: -2.12040968298
  z: 5.0
orientation: 
  x: 0.0
  y: 0.0
  z: 0.0
  w: 0.0"
10,"linear: 
  x: 0.912806510925
  y: -0.14985370636
  z: -0.017688697531680897
angular: 
  x: 0
  y: 0
  z: 0","position: 
  x: -2.63522033545
  y: 2.93226510421
  z: 5.07512569427
orientation: 
  x: -0.00220063173457
  y: 0.0543526970285
  z: 0.0117178348461
  w: 0.998450616652","linear: 
  x: 0.642206788063
  y: -0.177637293935
  z: -0.0145566947758
angular: 
  x: -0.0253457278013
  y: -0.0357154421508
  z: 0.0292851962149","position: 
  x: 4.19239411648
  y: -2.12040968298
  z: 5.0
orientation: 
  x: 0.0
  y: 0.0
  z: 0.0
  w: 0.0"
11,"linear: 
  x: 0.866703212261
  y: -0.100364148617
  z: -0.019328653677808248
angular: 
  x: 0
  y: 0
  z: 0","position: 
  x: -2.496193634
  y: 2.88915163413
  z: 5.08076477051
orientation: 
  x: -0.00436874464032
  y: 0.0522108007229
  z: 0.011892786671
  w: 0.998555711006","linear: 
  x: 0.643970370293
  y: -0.164176955819
  z: -0.0175464302301
angular: 
  x: -0.0519293211401
  y: -0.0650985464454
  z: -0.0163492225111","position: 
  x: 4.19239411648
  y: -2.12040968298
  z: 5.0
orientation: 
  x: 0.0
  y: 0.0
  z: 0.0
  w: 0.0"
12,"linear: 
  x: 0.866497397423
  y: -0.0668442845345
  z: -0.018883204158724187
angular: 
  x: 0
  y: 0
  z: 0","position: 
  x: -2.35829745385
  y: 2.85024058953
  z: 5.0776424408
orientation: 
  x: -0.00574241337711
  y: 0.050024516819
  z: 0.0118086199234
  w: 0.998661668885","linear: 
  x: 0.643149554729
  y: -0.155011773109
  z: -0.0169999953359
angular: 
  x: -0.0371517650783
  y: -0.0810630097985
  z: -0.0323582552373","position: 
  x: 4.19239411648
  y: -2.12040968298
  z: 5.0
orientation: 
  x: 0.0
  y: 0.0
  z: 0.0
  w: 0.0"
13,"linear: 
  x: 0.926166117191
  y: -0.0353844165802
  z: -0.018979252514608753
angular: 
  x: 0
  y: 0
  z: 0","position: 
  x: -2.21618555638
  y: 2.81587779656
  z: 5.07676792145
orientation: 
  x: -0.00868471057016
  y: 0.0488566026524
  z: 0.0121129613545
  w: 0.998694590126","linear: 
  x: 0.638367295265
  y: -0.12936770916
  z: -0.017192164436
angular: 
  x: -0.00817888695747
  y: 0.0734280645847
  z: 0.0255429316312","position: 
  x: 4.19239411648
  y: -2.12040968298
  z: 5.0
orientation: 
  x: 0.0
  y: 0.0
  z: 0.0
  w: 0.0"
14,"linear: 
  x: 1.00196194649
  y: -0.0193214714527
  z: -0.019593632829419363
angular: 
  x: 0
  y: 0
  z: 0","position: 
  x: -2.07900951955
  y: 2.7872460498
  z: 5.07801961899
orientation: 
  x: -0.00924403482469
  y: 0.052209549151
  z: 0.0123231898864
  w: 0.998517325733","linear: 
  x: 0.632438480854
  y: -0.103209704161
  z: -0.0153842912987
angular: 
  x: -0.0130039826035
  y: 0.013151763007
  z: -0.00323159317486","position: 
  x: 4.19239411648
  y: -2.12040968298
  z: 5.0
orientation: 
  x: 0.0
  y: 0.0
  z: 0.0
  w: 0.0"
15,"linear: 
  x: 1.09691011906
  y: -0.023757904768
  z: -0.021098709803581882
angular: 
  x: 0
  y: 0
  z: 0","position: 
  x: -1.93837963197
  y: 2.76218772069
  z: 5.08268499374
orientation: 
  x: -0.0102727011979
  y: 0.0572601870205
  z: 0.0123412289223
  w: 0.99823015215","linear: 
  x: 0.655117332935
  y: -0.0968314558268
  z: -0.0151513824239
angular: 
  x: -0.0273561142385
  y: 0.0240262746811
  z: -0.00531120039523","position: 
  x: 4.19239411648
  y: -2.12040968298
  z: 5.0
orientation: 
  x: 0.0
  y: 0.0
  z: 0.0
  w: 0.0"
16,"linear: 
  x: 1.2091486454
  y: -0.0576269626617
  z: -0.02360086264693274
angular: 
  x: 0
  y: 0
  z: 0","position: 
  x: -1.79271648976
  y: 2.73996091023
  z: 5.09098815918
orientation: 
  x: -0.0100225488228
  y: 0.0642932873399
  z: 0.0131112514153
  w: 0.997794576456","linear: 
  x: 0.687893331051
  y: -0.0740379318595
  z: -0.0140573782846
angular: 
  x: 0.0264450851828
  y: 0.21163380146
  z: -0.0064703784883","position: 
  x: 4.19239411648
  y: -2.12040968298
  z: 5.0
orientation: 
  x: 0.0
  y: 0.0
  z: 0.0
  w: 0.0"
17,"linear: 
  x: 1.3073130846
  y: -0.114267587662
  z: -0.02616358989052399
angular: 
  x: 0
  y: 0
  z: 0","position: 
  x: -1.64240132424
  y: 2.72365367547
  z: 5.09921455383
orientation: 
  x: -0.0077999799349
  y: 0.0718800982868
  z: 0.0126811010775
  w: 0.997302161563","linear: 
  x: 0.73326343298
  y: -0.062325309962
  z: -0.0174121521413
angular: 
  x: 0.0370520204306
  y: 0.0512730926275
  z: -0.0314109772444","position: 
  x: 4.19239411648
  y: -2.12040968298
  z: 5.0
orientation: 
  x: 0.0
  y: 0.0
  z: 0.0
  w: 0.0"
18,"linear: 
  x: 1.28457760811
  y: -0.0996106117964
  z: -0.029255769310052943
angular: 
  x: 0
  y: 0
  z: 0","position: 
  x: -1.47881733033
  y: 2.70824438468
  z: 5.10896587372
orientation: 
  x: -0.00526466522016
  y: 0.0768153472603
  z: 0.0128904862944
  w: 0.996948103508","linear: 
  x: 0.803426861763
  y: -0.0760589540005
  z: -0.0233901180327
angular: 
  x: 0.00641900114715
  y: 0.0553775168955
  z: 0.0839690417051","position: 
  x: 4.19239411648
  y: -2.12040968298
  z: 5.0
orientation: 
  x: 0.0
  y: 0.0
  z: 0.0
  w: 0.0"
19,"linear: 
  x: 1.25971996784
  y: -0.0843999087811
  z: -0.03248618381378708
angular: 
  x: 0
  y: 0
  z: 0","position: 
  x: -1.30694757554
  y: 2.69204330579
  z: 5.11871528625
orientation: 
  x: -0.00213509085724
  y: 0.0788930367434
  z: 0.0129684588481
  w: 0.99679644322","linear: 
  x: 0.85802847147
  y: -0.0853039175272
  z: -0.0274671465158
angular: 
  x: 0.0134355397895
  y: 0.0248319394886
  z: -0.0745584517717","position: 
  x: 4.19239411648
  y: -2.12040968298
  z: 5.0
orientation: 
  x: 0.0
  y: 0.0
  z: 0.0
  w: 0.0"
20,"linear: 
  x: 1.37705695629
  y: -0.182924956083
  z: -0.034920436943278246
angular: 
  x: 0
  y: 0
  z: 0","position: 
  x: -1.12601410004
  y: 2.67474597827
  z: 5.12505054474
orientation: 
  x: -0.00429915761635
  y: 0.0752259280277
  z: 0.011483625224
  w: 0.997091120885","linear: 
  x: 0.897004842758
  y: -0.0927812904119
  z: -0.0338799953461
angular: 
  x: 0.00206593004987
  y: -0.0520192869008
  z: -0.0584891103208","position: 
  x: 4.19239411648
  y: -2.12040968298
  z: 5.0
orientation: 
  x: 0.0
  y: 0.0
  z: 0.0
  w: 0.0"
21,"linear: 
  x: 1.5175768137
  y: -0.386302888393
  z: -0.03781147404846218
angular: 
  x: 0
  y: 0
  z: 0","position: 
  x: -0.937770472497
  y: 2.65668082372
  z: 5.13255167007
orientation: 
  x: -0.00324744621971
  y: 0.0759754195486
  z: 0.0125510783419
  w: 0.99702540597","linear: 
  x: 0.922808110714
  y: -0.0958235636353
  z: -0.0337268002331
angular: 
  x: 0.0922241657972
  y: 0.0917367637157
  z: 0.115950502455","position: 
  x: 4.19239411648
  y: -2.12040968298
  z: 5.0
orientation: 
  x: 0.0
  y: 0.0
  z: 0.0
  w: 0.0"
22,"linear: 
  x: 1.59144163132
  y: -0.626607835293
  z: -0.04071125843357219
angular: 
  x: 0
  y: 0
  z: 0","position: 
  x: -0.747318612069
  y: 2.63765484229
  z: 5.13963937759
orientation: 
  x: 0.00772116858233
  y: 0.0855639718747
  z: 0.011386097976
  w: 0.996237696057","linear: 
  x: 0.954608976841
  y: -0.12070775032
  z: -0.0368273332715
angular: 
  x: 0.170020833611
  y: 0.147387444973
  z: -0.0930735319853","position: 
  x: 4.19239411648
  y: -2.12040968298
  z: 5.0
orientation: 
  x: 0.0
  y: 0.0
  z: 0.0
  w: 0.0"
23,"linear: 
  x: 1.57028985023
  y: -0.627805829048
  z: -0.04278783129144558
angular: 
  x: 0
  y: 0
  z: 0","position: 
  x: -0.537833796471
  y: 2.60949897901
  z: 5.14314365387
orientation: 
  x: 0.0165441491654
  y: 0.0925107943943
  z: 0.0106882716178
  w: 0.995516853147","linear: 
  x: 1.00919234753
  y: -0.172097295523
  z: -0.0378174632788
angular: 
  x: 0.0705355107784
  y: 0.0186380930245
  z: 0.0160799492151","position: 
  x: 4.19239411648
  y: -2.12040968298
  z: 5.0
orientation: 
  x: 0.0
  y: 0.0
  z: 0.0
  w: 0.0"
24,"linear: 
  x: 1.55925798416
  y: -0.652947545052
  z: -0.044221520914504424
angular: 
  x: 0
  y: 0
  z: 0","position: 
  x: -0.356280432671
  y: 2.57701403037
  z: 5.14461374283
orientation: 
  x: 0.0287206088404
  y: 0.0948164183864
  z: 0.00950011032412
  w: 0.99503503523","linear: 
  x: 1.05679786205
  y: -0.234591260552
  z: -0.044472463429
angular: 
  x: 0.174358561635
  y: -0.0280361957848
  z: -0.0232274401933","position: 
  x: 4.19239411648
  y: -2.12040968298
  z: 5.0
orientation: 
  x: 0.0
  y: 0.0
  z: 0.0
  w: 0.0"
25,"linear: 
  x: 1.55990338326
  y: -0.982150197029
  z: -0.04649904647878978
angular: 
  x: 0
  y: 0
  z: 0","position: 
  x: -0.134183274239
  y: 2.52469796077
  z: 5.14762639999
orientation: 
  x: 0.0291310555206
  y: 0.0919726533661
  z: 0.00870989894679
  w: 0.995297217065","linear: 
  x: 1.11086773872
  y: -0.311211138964
  z: -0.0488988682628
angular: 
  x: -0.0997548922896
  y: -0.0258093960583
  z: 0.00724257575348","position: 
  x: 4.19239411648
  y: -2.12040968298
  z: 5.0
orientation: 
  x: 0.0
  y: 0.0
  z: 0.0
  w: 0.0"
26,"linear: 
  x: 1.43742609024
  y: -1.32748532295
  z: -0.049300271829285154
angular: 
  x: 0
  y: 0
  z: 0","position: 
  x: 0.103009833366
  y: 2.4573681368
  z: 5.15135669708
orientation: 
  x: 0.0265841156492
  y: 0.0898654090546
  z: 0.0088925631838
  w: 0.99555934799","linear: 
  x: 1.13367986679
  y: -0.369286715984
  z: -0.0490043722093
angular: 
  x: -0.0660537779331
  y: -0.00975732505322
  z: 0.0857089236379","position: 
  x: 4.19239411648
  y: -2.12040968298
  z: 5.0
orientation: 
  x: 0.0
  y: 0.0
  z: 0.0
  w: 0.0"
27,"linear: 
  x: 1.39776742458
  y: -1.37243783474
  z: -0.05163808423667289
angular: 
  x: 0
  y: 0
  z: 0","position: 
  x: 0.343504561454
  y: 2.37902683154
  z: 5.15292692184
orientation: 
  x: 0.0434753740749
  y: 0.0903916852675
  z: 0.00692957393008
  w: 0.994932769633","linear: 
  x: 1.15121889114
  y: -0.431464880705
  z: -0.0529054477811
angular: 
  x: 0.155971050262
  y: 0.00024836556986
  z: -0.0724737942219","position: 
  x: 4.19239411648
  y: -2.12040968298
  z: 5.0
orientation: 
  x: 0.0
  y: 0.0
  z: 0.0
  w: 0.0"
28,"linear: 
  x: 1.31167781353
  y: -1.48742604256
  z: -0.053501944370616714
angular: 
  x: 0
  y: 0
  z: 0","position: 
  x: 0.5911041632
  y: 2.28128928081
  z: 5.15219259262
orientation: 
  x: 0.0654074724533
  y: 0.0834492557327
  z: 0.00504611544062
  w: 0.994350351226","linear: 
  x: 1.15406107903
  y: -0.548071146011
  z: -0.0567546747625
angular: 
  x: 0.259337723255
  y: -0.0642333477736
  z: 0.0111772147939","position: 
  x: 4.19239411648
  y: -2.12040968298
  z: 5.0
orientation: 
  x: 0.0
  y: 0.0
  z: 0.0
  w: 0.0"
29,"linear: 
  x: 1.23453903198
  y: -1.57248294353
  z: -0.05666262479539328
angular: 
  x: 0
  y: 0
  z: 0","position: 
  x: 0.833149088889
  y: 2.15839856998
  z: 5.15418195724
orientation: 
  x: 0.0707754857254
  y: 0.0785258129022
  z: 0.00424132157123
  w: 0.99438751929","linear: 
  x: 1.14067101479
  y: -0.690516233444
  z: -0.0588442906737
angular: 
  x: -0.0869305506349
  y: 0.0256884600967
  z: -0.0421997308731","position: 
  x: 4.19239411648
  y: -2.12040968298
  z: 5.0
orientation: 
  x: 0.0
  y: 0.0
  z: 0.0
  w: 0.0"
30,"linear: 
  x: 1.19008660316
  y: -1.60632801056
  z: -0.058344868799809484
angular: 
  x: 0
  y: 0
  z: 0","position: 
  x: 1.19789184478
  y: 1.92144149676
  z: 5.14680767059
orientation: 
  x: 0.0719761801575
  y: 0.074351725711
  z: 0.00374247131854
  w: 0.99462417238","linear: 
  x: 1.09308683872
  y: -0.859698653221
  z: -0.0674720555544
angular: 
  x: 0.0285707060248
  y: -0.0275646969676
  z: 0.0590365454555","position: 
  x: 4.19239411648
  y: -2.12040968298
  z: 5.0
orientation: 
  x: 0.0
  y: 0.0
  z: 0.0
  w: 0.0"
31,"linear: 
  x: 1.16279578209
  y: -1.62621974945
  z: -0.057579889863155334
angular: 
  x: 0
  y: 0
  z: 0","position: 
  x: 1.43341411498
  y: 1.7381420745
  z: 5.13662052155
orientation: 
  x: 0.0725148467019
  y: 0.0717152109752
  z: 0.00405048048218
  w: 0.994777421904","linear: 
  x: 1.05990111828
  y: -0.932745039463
  z: -0.0679265782237
angular: 
  x: -0.0344167277217
  y: -0.106337860227
  z: -0.0205723475665","position: 
  x: 4.19239411648
  y: -2.12040968298
  z: 5.0
orientation: 
  x: 0.0
  y: 0.0
  z: 0.0
  w: 0.0"
32,"linear: 
  x: 1.13729226589
  y: -1.6440860033
  z: -0.05956109757607628
angular: 
  x: 0
  y: 0
  z: 0","position: 
  x: 1.65977729705
  y: 1.54077738658
  z: 5.13263559341
orientation: 
  x: 0.0720069513413
  y: 0.0713415834907
  z: 0.00452766705647
  w: 0.994839121494","linear: 
  x: 1.0362842083
  y: -1.00656962395
  z: -0.0640219599009
angular: 
  x: 0.0358325317502
  y: 0.0578885152936
  z: 0.033179089427","position: 
  x: 4.19239411648
  y: -2.12040968298
  z: 5.0
orientation: 
  x: 0.0
  y: 0.0
  z: 0.0
  w: 0.0"
33,"linear: 
  x: 1.1126127243
  y: -1.66071772575
  z: -0.06410479347342797
angular: 
  x: 0
  y: 0
  z: 0","position: 
  x: 1.8790284529
  y: 1.33258623019
  z: 5.13328790665
orientation: 
  x: 0.0721272008229
  y: 0.0721395053844
  z: 0.00474160452262
  w: 0.99477187126","linear: 
  x: 1.01510417461
  y: -1.04147219658
  z: -0.0696577131748
angular: 
  x: 0.0284592360258
  y: 0.0273818336427
  z: -0.00359848211519","position: 
  x: 4.19239411648
  y: -2.12040968298
  z: 5.0
orientation: 
  x: 0.0
  y: 0.0
  z: 0.0
  w: 0.0"
34,"linear: 
  x: 1.08652341366
  y: -1.67769014835
  z: -0.06944628746041229
angular: 
  x: 0
  y: 0
  z: 0","position: 
  x: 2.10288728622
  y: 1.10597723857
  z: 5.13355302811
orientation: 
  x: 0.0728070755004
  y: 0.072157384855
  z: 0.00462220258843
  w: 0.994721607693","linear: 
  x: 1.00222933292
  y: -1.08194983006
  z: -0.0746097117662
angular: 
  x: 0.0381242744625
  y: 0.0397362969816
  z: -0.0544295832515","position: 
  x: 4.19239411648
  y: -2.12040968298
  z: 5.0
orientation: 
  x: 0.0
  y: 0.0
  z: 0.0
  w: 0.0"
35,"linear: 
  x: 1.0601965189
  y: -1.69422733784
  z: -0.074680356649975
angular: 
  x: 0
  y: 0
  z: 0","position: 
  x: 2.31555808929
  y: 0.878833235655
  z: 5.13220453262
orientation: 
  x: 0.0738148306213
  y: 0.0711883076337
  z: 0.00430167574498
  w: 0.994718599013","linear: 
  x: 0.990691781044
  y: -1.10952842236
  z: -0.0789746567607
angular: 
  x: 0.00463724741712
  y: -0.0132467309013
  z: -0.0853133797646","position: 
  x: 4.19239411648
  y: -2.12040968298
  z: 5.0
orientation: 
  x: 0.0
  y: 0.0
  z: 0.0
  w: 0.0"
36,"linear: 
  x: 1.03119421005
  y: -1.71177792549
  z: -0.08034218730359212
angular: 
  x: 0
  y: 0
  z: 0","position: 
  x: 2.53339876083
  y: 0.633515299711
  z: 5.1292552948
orientation: 
  x: 0.0760319181728
  y: 0.0705853572954
  z: 0.00516804659809
  w: 0.994590441362","linear: 
  x: 0.975360393524
  y: -1.13030910492
  z: -0.0867917910218
angular: 
  x: -0.0577955916524
  y: -0.0510577373207
  z: -0.0317639745772","position: 
  x: 4.19239411648
  y: -2.12040968298
  z: 5.0
orientation: 
  x: 0.0
  y: 0.0
  z: 0.0
  w: 0.0"
37,"linear: 
  x: 0.984765470028
  y: -1.70223724842
  z: -0.08793465130910055
angular: 
  x: 0
  y: 0
  z: 0","position: 
  x: 2.74052823928
  y: 0.38924402133
  z: 5.12964439392
orientation: 
  x: 0.0767087068354
  y: 0.0693483386082
  z: 0.00520007770079
  w: 0.994625327156","linear: 
  x: 0.964875340462
  y: -1.16801214218
  z: -0.0892050787807
angular: 
  x: -0.0176939889789
  y: 0.00909012183547
  z: 0.0437679775059","position: 
  x: 4.19239411648
  y: -2.12040968298
  z: 5.0
orientation: 
  x: 0.0
  y: 0.0
  z: 0.0
  w: 0.0"
38,"linear: 
  x: 0.938755393028
  y: -1.7022138834
  z: -0.09460681059301503
angular: 
  x: 0
  y: 0
  z: 0","position: 
  x: 2.9492408171
  y: 0.133758725081
  z: 5.12528371811
orientation: 
  x: 0.078150047638
  y: 0.0686885057365
  z: 0.00551584225954
  w: 0.994557205352","linear: 
  x: 0.956559181213
  y: -1.18717563152
  z: -0.10279110074
angular: 
  x: -0.0150796184316
  y: -0.0446362681687
  z: -0.0239819809794","position: 
  x: 4.19239411648
  y: -2.12040968298
  z: 5.0
orientation: 
  x: 0.0
  y: 0.0
  z: 0.0
  w: 0.0"
39,"linear: 
  x: 0.880462169647
  y: -1.69055855274
  z: -0.1001807984347399
angular: 
  x: 0
  y: 0
  z: 0","position: 
  x: 3.15254081634
  y: -0.123807250109
  z: 5.11831665039
orientation: 
  x: 0.0785065427101
  y: 0.0653922010299
  z: 0.00559832349342
  w: 0.994750843966","linear: 
  x: 0.94061434269
  y: -1.20911383629
  z: -0.11394815892
angular: 
  x: 0.0269556753337
  y: 0.0223643705249
  z: -0.0482803545892","position: 
  x: 4.19239411648
  y: -2.12040968298
  z: 5.0
orientation: 
  x: 0.0
  y: 0.0
  z: 0.0
  w: 0.0"
40,"linear: 
  x: 0.803608238697
  y: -1.65857756138
  z: -0.10776703434410165
angular: 
  x: 0
  y: 0
  z: 0","position: 
  x: 3.35171331313
  y: -0.38531762227
  z: 5.11273860931
orientation: 
  x: 0.0788927516127
  y: 0.0648963195058
  z: 0.00479896653373
  w: 0.994756940854","linear: 
  x: 0.921652078629
  y: -1.22098565102
  z: -0.104419179261
angular: 
  x: 0.018002897501
  y: -0.00592436734587
  z: 0.00487448833883","position: 
  x: 4.19239411648
  y: -2.12040968298
  z: 5.0
orientation: 
  x: 0.0
  y: 0.0
  z: 0.0
  w: 0.0"
41,"linear: 
  x: 0.698918223381
  y: -1.58975040913
  z: -0.11397615938731201
angular: 
  x: 0
  y: 0
  z: 0","position: 
  x: 3.54962123778
  y: -0.658366738405
  z: 5.10482025146
orientation: 
  x: 0.0791680731379
  y: 0.0618722681356
  z: 0.00633353293695
  w: 0.994919155003","linear: 
  x: 0.904796481133
  y: -1.23724448681
  z: -0.115202665329
angular: 
  x: -0.0192356128246
  y: -0.0137580754235
  z: 0.00225281831808","position: 
  x: 4.19239411648
  y: -2.12040968298
  z: 5.0
orientation: 
  x: 0.0
  y: 0.0
  z: 0.0
  w: 0.0"
42,"linear: 
  x: 0.588149905205
  y: -1.49457943439
  z: -0.11935124096949082
angular: 
  x: 0
  y: 0
  z: 0","position: 
  x: 3.70445312408
  y: -0.880476533022
  z: 5.09901618958
orientation: 
  x: 0.0783823365312
  y: 0.0580881575206
  z: 0.00620186659159
  w: 0.99521028538","linear: 
  x: 0.882412195206
  y: -1.24539470673
  z: -0.124105490744
angular: 
  x: -0.0269774086773
  y: -0.0106151569635
  z: -0.0431904494762","position: 
  x: 4.19239411648
  y: -2.12040968298
  z: 5.0
orientation: 
  x: 0.0
  y: 0.0
  z: 0.0
  w: 0.0"
43,"linear: 
  x: 0.411564916372
  y: -1.30932116508
  z: -0.1303729905369059
angular: 
  x: 0
  y: 0
  z: 0","position: 
  x: 3.88908828643
  y: -1.15549570188
  z: 5.09607934952
orientation: 
  x: 0.0740098691675
  y: 0.0523326226579
  z: 0.00679803383407
  w: 0.995860242508","linear: 
  x: 0.840138614178
  y: -1.24824488163
  z: -0.132856011391
angular: 
  x: -0.0230979919434
  y: -0.042163413018
  z: 0.070751093328","position: 
  x: 4.19239411648
  y: -2.12040968298
  z: 5.0
orientation: 
  x: 0.0
  y: 0.0
  z: 0.0
  w: 0.0"
44,"linear: 
  x: -1.79953491688
  y: 0.811212718487
  z: -0.012097347558616528
angular: 
  x: 0
  y: 0
  z: 0","position: 
  x: 4.55588210967
  y: -2.74674039945
  z: 5.0615978241
orientation: 
  x: -0.0467947217491
  y: -0.00730717943118
  z: 0.0124260286741
  w: 0.998800507087","linear: 
  x: -0.190702006221
  y: 0.35702675581
  z: -0.105860233307
angular: 
  x: 0.0203825309873
  y: -0.00031561544165
  z: -0.00667552929372","position: 
  x: -4.72165083813
  y: 1.45220570251
  z: 5.0
orientation: 
  x: 0.0
  y: 0.0
  z: 0.0
  w: 0.0"
45,"linear: 
  x: -1.77385795116
  y: 0.786542892456
  z: -0.012363676405088415
angular: 
  x: 0
  y: 0
  z: 0","position: 
  x: 4.50160373595
  y: -2.67525201901
  z: 5.0624666214
orientation: 
  x: -0.0432460939441
  y: -0.0130117779961
  z: 0.0129231089288
  w: 0.99889612185","linear: 
  x: -0.210232123733
  y: 0.368237495422
  z: -0.00316019868478
angular: 
  x: 0.0889831110835
  y: -0.473559528589
  z: -0.0552004091442","position: 
  x: -4.72165083813
  y: 1.45220570251
  z: 5.0
orientation: 
  x: 0.0
  y: 0.0
  z: 0.0
  w: 0.0"
46,"linear: 
  x: -1.74265491962
  y: 0.759727299213
  z: -0.015868573789066014
angular: 
  x: 0
  y: 0
  z: 0","position: 
  x: 4.43155445006
  y: -2.60061031445
  z: 5.07942724228
orientation: 
  x: -0.031559052923
  y: -0.0887243697746
  z: 0.0125863127807
  w: 0.995476567839","linear: 
  x: -0.365947008133
  y: 0.352600097656
  z: 0.00271854689345
angular: 
  x: 0.0259829703718
  y: -0.301068276167
  z: 0.0185913294554","position: 
  x: -4.72165083813
  y: 1.45220570251
  z: 5.0
orientation: 
  x: 0.0
  y: 0.0
  z: 0.0
  w: 0.0"
47,"linear: 
  x: -1.69656229019
  y: 0.727526903152
  z: -0.01683242753347878
angular: 
  x: 0
  y: 0
  z: 0","position: 
  x: 4.31618560699
  y: -2.52242141828
  z: 5.08309793472
orientation: 
  x: -0.0315481291256
  y: -0.0915083774897
  z: 0.0122371262108
  w: 0.995229212363","linear: 
  x: -0.611513435841
  y: 0.317601919174
  z: -0.0165221132338
angular: 
  x: -0.000481491908431
  y: 0.131494253874
  z: 0.0153796644881","position: 
  x: -4.72165083813
  y: 1.45220570251
  z: 5.0
orientation: 
  x: 0.0
  y: 0.0
  z: 0.0
  w: 0.0"
48,"linear: 
  x: -1.64175701141
  y: 0.693115532398
  z: -0.01713081305784421
angular: 
  x: 0
  y: 0
  z: 0","position: 
  x: 4.17132247832
  y: -2.44810014829
  z: 5.08317899704
orientation: 
  x: -0.0326681406376
  y: -0.0753147609732
  z: 0.0108158084986
  w: 0.996565852141","linear: 
  x: -0.775534272194
  y: 0.298626333475
  z: -0.0182543117553
angular: 
  x: 0.02444591932
  y: 0.188561871648
  z: -0.0380488075316","position: 
  x: -4.72165083813
  y: 1.45220570251
  z: 5.0
orientation: 
  x: 0.0
  y: 0.0
  z: 0.0
  w: 0.0"
49,"linear: 
  x: -1.58005917072
  y: 0.655518233776
  z: -0.018880414737975804
angular: 
  x: 0
  y: 0
  z: 0","position: 
  x: 4.00367368606
  y: -2.37257104978
  z: 5.08993911743
orientation: 
  x: -0.0326114601863
  y: -0.0644935414938
  z: 0.00982434618256
  w: 0.997336732499","linear: 
  x: -0.844534635544
  y: 0.287136673927
  z: -0.0202501639724
angular: 
  x: 0.0678695887327
  y: 0.0709215402603
  z: 0.0269962921739","position: 
  x: -4.72165083813
  y: 1.45220570251
  z: 5.0
orientation: 
  x: 0.0
  y: 0.0
  z: 0.0
  w: 0.0"
50,"linear: 
  x: -1.51526260376
  y: 0.615569829941
  z: -0.020738529480511313
angular: 
  x: 0
  y: 0
  z: 0","position: 
  x: 3.82484687713
  y: -2.29517322644
  z: 5.0967707634
orientation: 
  x: -0.0332574321848
  y: -0.0593578001521
  z: 0.0106122390883
  w: 0.997626170039","linear: 
  x: -0.8741492033
  y: 0.279158473015
  z: -0.0227516554296
angular: 
  x: -0.00279506994411
  y: 0.0684584826231
  z: -0.0102051226422","position: 
  x: -4.72165083813
  y: 1.45220570251
  z: 5.0
orientation: 
  x: 0.0
  y: 0.0
  z: 0.0
  w: 0.0"
51,"linear: 
  x: -1.4495729208
  y: 0.574192583561
  z: -0.022608314042715245
angular: 
  x: 0
  y: 0
  z: 0","position: 
  x: 3.64030374435
  y: -2.21800333127
  z: 5.10323572159
orientation: 
  x: -0.0321269194999
  y: -0.0575108490981
  z: 0.00962060808885
  w: 0.997781442591","linear: 
  x: -0.881928265095
  y: 0.284065783024
  z: -0.0214143507183
angular: 
  x: 0.00368355656974
  y: 0.0152378436178
  z: -0.0565132275224","position: 
  x: -4.72165083813
  y: 1.45220570251
  z: 5.0
orientation: 
  x: 0.0
  y: 0.0
  z: 0.0
  w: 0.0"
52,"linear: 
  x: -1.38213729858
  y: 0.53051584959
  z: -0.025240798422224382
angular: 
  x: 0
  y: 0
  z: 0","position: 
  x: 3.4459825888
  y: -2.14080816373
  z: 5.11262083054
orientation: 
  x: -0.0328064771748
  y: -0.0556387507099
  z: 0.0102696688279
  w: 0.997859007264","linear: 
  x: -0.886909425259
  y: 0.270313918591
  z: -0.0232309214771
angular: 
  x: -0.0545126870275
  y: -0.0408772602677
  z: -0.0340066291392","position: 
  x: -4.72165083813
  y: 1.45220570251
  z: 5.0
orientation: 
  x: 0.0
  y: 0.0
  z: 0.0
  w: 0.0"
53,"linear: 
  x: -1.31527197361
  y: 0.485337406397
  z: -0.028003814446387065
angular: 
  x: 0
  y: 0
  z: 0","position: 
  x: 3.24722875503
  y: -2.06551080808
  z: 5.1219792366
orientation: 
  x: -0.03007048849
  y: -0.0523574576325
  z: 0.00987382655691
  w: 0.998126730381","linear: 
  x: -0.883099138737
  y: 0.268538236618
  z: -0.0238368809223
angular: 
  x: 0.0972877964377
  y: 0.023188252002
  z: 0.0359551683068","position: 
  x: -4.72165083813
  y: 1.45220570251
  z: 5.0
orientation: 
  x: 0.0
  y: 0.0
  z: 0.0
  w: 0.0"
54,"linear: 
  x: -1.25164151192
  y: 0.439770191908
  z: -0.0314015483973882
angular: 
  x: 0
  y: 0
  z: 0","position: 
  x: 3.05139650252
  y: -1.9935136424
  z: 5.13351297379
orientation: 
  x: -0.0287292340815
  y: -0.0510521950253
  z: 0.010759583956
  w: 0.998224692064","linear: 
  x: -0.865292012691
  y: 0.256916046143
  z: -0.0279299467802
angular: 
  x: -0.00855358410627
  y: -0.0132562890649
  z: 0.0444932691753","position: 
  x: -4.72165083813
  y: 1.45220570251
  z: 5.0
orientation: 
  x: 0.0
  y: 0.0
  z: 0.0
  w: 0.0"
55,"linear: 
  x: -1.19069862366
  y: 0.392873346806
  z: -0.03512383369726945
angular: 
  x: 0
  y: 0
  z: 0","position: 
  x: 2.85460914519
  y: -1.92439514264
  z: 5.14569234848
orientation: 
  x: -0.0275839753459
  y: -0.0468071395323
  z: 0.0106988509156
  w: 0.99846569825","linear: 
  x: -0.859455347061
  y: 0.250481188297
  z: -0.0302840135992
angular: 
  x: -0.01800962165
  y: 0.107265934348
  z: 0.0344993136823","position: 
  x: -4.72165083813
  y: 1.45220570251
  z: 5.0
orientation: 
  x: 0.0
  y: 0.0
  z: 0.0
  w: 0.0"
56,"linear: 
  x: -1.12630569935
  y: 0.351350158453
  z: -0.038714638746269084
angular: 
  x: 0
  y: 0
  z: 0","position: 
  x: 2.66414989379
  y: -1.85877615079
  z: 5.15670728683
orientation: 
  x: -0.0260773810996
  y: -0.0458216226875
  z: 0.0108239006766
  w: 0.998550545673","linear: 
  x: -0.842230856419
  y: 0.236995577812
  z: -0.0358444079757
angular: 
  x: 0.00971326977015
  y: -0.0225426889956
  z: -0.0472935251892","position: 
  x: -4.72165083813
  y: 1.45220570251
  z: 5.0
orientation: 
  x: 0.0
  y: 0.0
  z: 0.0
  w: 0.0"
57,"linear: 
  x: -1.05828404427
  y: 0.311731904745
  z: -0.041742789358789695
angular: 
  x: 0
  y: 0
  z: 0","position: 
  x: 2.47145379928
  y: -1.79361587628
  z: 5.16474294662
orientation: 
  x: -0.0231645900166
  y: -0.043822730679
  z: 0.0107403656176
  w: 0.998712979084","linear: 
  x: -0.820266485214
  y: 0.222926899791
  z: -0.0455752052367
angular: 
  x: 0.0160932522267
  y: -0.0178224984556
  z: 0.0338884927332","position: 
  x: -4.72165083813
  y: 1.45220570251
  z: 5.0
orientation: 
  x: 0.0
  y: 0.0
  z: 0.0
  w: 0.0"
58,"linear: 
  x: -0.994523942471
  y: 0.275277376175
  z: -0.04413469805842594
angular: 
  x: 0
  y: 0
  z: 0","position: 
  x: 2.29096807387
  y: -1.73403650388
  z: 5.17001581192
orientation: 
  x: -0.0219893271471
  y: -0.0419818367841
  z: 0.0109623948939
  w: 0.998816209705","linear: 
  x: -0.795941591263
  y: 0.207084909081
  z: -0.0446623973548
angular: 
  x: 0.0407619252801
  y: -0.0163326635957
  z: -0.0708489716053","position: 
  x: -4.72165083813
  y: 1.45220570251
  z: 5.0
orientation: 
  x: 0.0
  y: 0.0
  z: 0.0
  w: 0.0"
59,"linear: 
  x: -0.929615437984
  y: 0.239133730531
  z: -0.046943250744194344
angular: 
  x: 0
  y: 0
  z: 0","position: 
  x: 2.10731996444
  y: -1.6756702052
  z: 5.17634916306
orientation: 
  x: -0.0205240248099
  y: -0.0395684772682
  z: 0.0103806844295
  w: 0.998952121677","linear: 
  x: -0.775062263012
  y: 0.192412629724
  z: -0.0493214987218
angular: 
  x: -0.0253030117601
  y: -0.014570267871
  z: 0.02468807064","position: 
  x: -4.72165083813
  y: 1.45220570251
  z: 5.0
orientation: 
  x: 0.0
  y: 0.0
  z: 0.0
  w: 0.0"
60,"linear: 
  x: -0.838850796223
  y: 0.190846920013
  z: -0.04974004606664685
angular: 
  x: 0
  y: 0
  z: 0","position: 
  x: 1.85062374023
  y: -1.59952932462
  z: 5.18026971817
orientation: 
  x: -0.0186041795381
  y: -0.035826292826
  z: 0.0112669902845
  w: 0.999121322051","linear: 
  x: -0.734642207623
  y: 0.164321765304
  z: -0.053900308907
angular: 
  x: 0.0125274555758
  y: 0.0933663398027
  z: -0.000470145663712","position: 
  x: -4.72165083813
  y: 1.45220570251
  z: 5.0
orientation: 
  x: 0.0
  y: 0.0
  z: 0.0
  w: 0.0"
61,"linear: 
  x: -0.788736879826
  y: 0.165131703019
  z: -0.050787445553883905
angular: 
  x: 0
  y: 0
  z: 0","position: 
  x: 1.70917619613
  y: -1.55943065747
  z: 5.18038129807
orientation: 
  x: -0.0177242117407
  y: -0.0325984912324
  z: 0.0110942723576
  w: 0.999249772484","linear: 
  x: -0.713933289051
  y: 0.151019379497
  z: -0.05407987535
angular: 
  x: 0.0228645280004
  y: 0.146635353565
  z: -0.0258875917643","position: 
  x: -4.72165083813
  y: 1.45220570251
  z: 5.0
orientation: 
  x: 0.0
  y: 0.0
  z: 0.0
  w: 0.0"
62,"linear: 
  x: -0.732616245747
  y: 0.137610450387
  z: -0.051500988001199496
angular: 
  x: 0
  y: 0
  z: 0","position: 
  x: 1.55093921569
  y: -1.51746946439
  z: 5.17876911163
orientation: 
  x: -0.01539204103
  y: -0.0293743608473
  z: 0.0109674529908
  w: 0.999389787307","linear: 
  x: -0.689057469368
  y: 0.13527405262
  z: -0.0573036856949
angular: 
  x: 0.0405721515417
  y: -0.00366722187027
  z: -0.0244466606528","position: 
  x: -4.72165083813
  y: 1.45220570251
  z: 5.0
orientation: 
  x: 0.0
  y: 0.0
  z: 0.0
  w: 0.0"
63,"linear: 
  x: -0.694921731949
  y: 0.0954540967941
  z: -0.05253243508468404
angular: 
  x: 0
  y: 0
  z: 0","position: 
  x: 1.39574445632
  y: -1.47856432065
  z: 5.17823076248
orientation: 
  x: -0.0155040044954
  y: -0.0287891946702
  z: 0.0113353530982
  w: 0.99940097953","linear: 
  x: -0.658425331116
  y: 0.117365397513
  z: -0.057584322989
angular: 
  x: -0.0439945496619
  y: 0.0305830966681
  z: 0.0407616756856","position: 
  x: -4.72165083813
  y: 1.45220570251
  z: 5.0
orientation: 
  x: 0.0
  y: 0.0
  z: 0.0
  w: 0.0"
64,"linear: 
  x: -0.674710333347
  y: 0.0445009171963
  z: -0.05409734513639913
angular: 
  x: 0
  y: 0
  z: 0","position: 
  x: 1.2491160765
  y: -1.44376712903
  z: 5.17956113815
orientation: 
  x: -0.014603242871
  y: -0.0278891551025
  z: 0.01156808711
  w: 0.999437401584","linear: 
  x: -0.637838363647
  y: 0.0944290459156
  z: -0.0542034842074
angular: 
  x: 0.0618225671351
  y: 0.0437732934952
  z: 0.010239912197","position: 
  x: -4.72165083813
  y: 1.45220570251
  z: 5.0
orientation: 
  x: 0.0
  y: 0.0
  z: 0.0
  w: 0.0"
65,"linear: 
  x: -0.665581345558
  y: -0.00786957144737
  z: -0.055173618009126076
angular: 
  x: 0
  y: 0
  z: 0","position: 
  x: 1.10919393447
  y: -1.41366249188
  z: 5.17930173874
orientation: 
  x: -0.0116055630088
  y: -0.0266748559711
  z: 0.012027825024
  w: 0.999504424398","linear: 
  x: -0.608776032925
  y: 0.0876707360148
  z: -0.0564904399216
angular: 
  x: -0.0166431646794
  y: -0.0367898270488
  z: 0.0132725704461","position: 
  x: -4.72165083813
  y: 1.45220570251
  z: 5.0
orientation: 
  x: 0.0
  y: 0.0
  z: 0.0
  w: 0.0"
66,"linear: 
  x: -0.6700476408
  y: -0.0618226528168
  z: -0.054696756541997654
angular: 
  x: 0
  y: 0
  z: 0","position: 
  x: 0.973739756614
  y: -1.38911491498
  z: 5.17413187027
orientation: 
  x: -0.00912435588744
  y: -0.0279041627229
  z: 0.011963762009
  w: 0.999497359792","linear: 
  x: -0.594301044941
  y: 0.0637637972832
  z: -0.0595174729824
angular: 
  x: 0.00819966476411
  y: -0.0266322046518
  z: -0.0374292135239","position: 
  x: -4.72165083813
  y: 1.45220570251
  z: 5.0
orientation: 
  x: 0.0
  y: 0.0
  z: 0.0
  w: 0.0"
67,"linear: 
  x: -0.688808143139
  y: -0.11460801959
  z: -0.05604297484225292
angular: 
  x: 0
  y: 0
  z: 0","position: 
  x: 0.846179617912
  y: -1.36908107862
  z: 5.17497396469
orientation: 
  x: -0.0057929486687
  y: -0.0286150351362
  z: 0.0117593500583
  w: 0.999504546861","linear: 
  x: -0.586910009384
  y: 0.0395155400038
  z: -0.0587871856987
angular: 
  x: 0.0143737373874
  y: -0.0416727401316
  z: -0.00682908110321","position: 
  x: -4.72165083813
  y: 1.45220570251
  z: 5.0
orientation: 
  x: 0.0
  y: 0.0
  z: 0.0
  w: 0.0"
68,"linear: 
  x: -0.728140592575
  y: -0.168395996094
  z: -0.057199809187415206
angular: 
  x: 0
  y: 0
  z: 0","position: 
  x: 0.715550555259
  y: -1.3541436778
  z: 5.1750664711
orientation: 
  x: -0.00437440277494
  y: -0.0307332250646
  z: 0.0114732988898
  w: 0.999452198402","linear: 
  x: -0.581517457962
  y: 0.00463598500937
  z: -0.057576790452
angular: 
  x: 0.0604931265116
  y: -0.0161797776818
  z: -0.0419566556811","position: 
  x: -4.72165083813
  y: 1.45220570251
  z: 5.0
orientation: 
  x: 0.0
  y: 0.0
  z: 0.0
  w: 0.0"
69,"linear: 
  x: -0.790330529213
  y: -0.215536534786
  z: -0.05826983797077137
angular: 
  x: 0
  y: 0
  z: 0","position: 
  x: 0.589905871421
  y: -1.34660726651
  z: 5.17499542236
orientation: 
  x: -0.00302720660015
  y: -0.0319848599165
  z: 0.0111441324578
  w: 0.999421639283","linear: 
  x: -0.584396243095
  y: -0.0212409254164
  z: -0.0621204040945
angular: 
  x: 0.0146672558039
  y: -0.00208406639285
  z: -0.0262587964535","position: 
  x: -4.72165083813
  y: 1.45220570251
  z: 5.0
orientation: 
  x: 0.0
  y: 0.0
  z: 0.0
  w: 0.0"
70,"linear: 
  x: -0.880441844463
  y: -0.252342313528
  z: -0.059036470133770017
angular: 
  x: 0
  y: 0
  z: 0","position: 
  x: 0.461802138358
  y: -1.34417778119
  z: 5.17392778397
orientation: 
  x: -0.000832757128331
  y: -0.0345637520726
  z: 0.0120761670335
  w: 0.999329184878","linear: 
  x: -0.597796916962
  y: -0.0448206402361
  z: -0.0586635060608
angular: 
  x: 0.0348001755774
  y: -0.0135879954323
  z: 0.0182308666408","position: 
  x: -4.72165083813
  y: 1.45220570251
  z: 5.0
orientation: 
  x: 0.0
  y: 0.0
  z: 0.0
  w: 0.0"
71,"linear: 
  x: -0.921421647072
  y: -0.269414663315
  z: -0.06017490413125058
angular: 
  x: 0
  y: 0
  z: 0","position: 
  x: 0.332004202873
  y: -1.34729868039
  z: 5.17390155792
orientation: 
  x: 0.00226213470804
  y: -0.0397085335356
  z: 0.0116765740525
  w: 0.999140517009","linear: 
  x: -0.616510093212
  y: -0.0668333396316
  z: -0.0641146302223
angular: 
  x: 0.0433855615556
  y: -0.0426093265414
  z: -0.0287112034857","position: 
  x: -4.72165083813
  y: 1.45220570251
  z: 5.0
orientation: 
  x: 0.0
  y: 0.0
  z: 0.0
  w: 0.0"
72,"linear: 
  x: -0.887048482895
  y: -0.279485285282
  z: -0.061275799078485856
angular: 
  x: 0
  y: 0
  z: 0","position: 
  x: 0.19617523101
  y: -1.3554616557
  z: 5.17357969284
orientation: 
  x: 0.00459517614489
  y: -0.0447472044969
  z: 0.0120742293773
  w: 0.99891480369","linear: 
  x: -0.648168087006
  y: -0.0866850763559
  z: -0.0627761185169
angular: 
  x: 0.0230222400278
  y: -0.0330740101635
  z: 0.00924233812839","position: 
  x: -4.72165083813
  y: 1.45220570251
  z: 5.0
orientation: 
  x: 0.0
  y: 0.0
  z: 0.0
  w: 0.0"
73,"linear: 
  x: -0.850232183933
  y: -0.287828862667
  z: -0.06229267657271958
angular: 
  x: 0
  y: 0
  z: 0","position: 
  x: 0.0551544561684
  y: -1.36733013257
  z: 5.17284822464
orientation: 
  x: 0.0044511115152
  y: -0.0474566200777
  z: 0.0117920559209
  w: 0.998793774627","linear: 
  x: -0.696479976177
  y: -0.1140922755
  z: -0.0664991959929
angular: 
  x: 0.0379037931561
  y: 0.0279855560511
  z: -0.0291103832424","position: 
  x: -4.72165083813
  y: 1.45220570251
  z: 5.0
orientation: 
  x: 0.0
  y: 0.0
  z: 0.0
  w: 0.0"
74,"linear: 
  x: -0.877910494804
  y: -0.298789858818
  z: -0.06329913066614841
angular: 
  x: 0
  y: 0
  z: 0","position: 
  x: -0.092780934304
  y: -1.38330465421
  z: 5.17188978195
orientation: 
  x: 0.00584396051234
  y: -0.0435490980435
  z: 0.011927852483
  w: 0.998962987563","linear: 
  x: -0.719923377037
  y: -0.130022183061
  z: -0.0702101811767
angular: 
  x: 0.0384186469018
  y: 0.0387688241899
  z: -0.0118088852614","position: 
  x: -4.72165083813
  y: 1.45220570251
  z: 5.0
orientation: 
  x: 0.0
  y: 0.0
  z: 0.0
  w: 0.0"
75,"linear: 
  x: -1.10354614258
  y: -0.273528248072
  z: -0.0623270987860699
angular: 
  x: 0
  y: 0
  z: 0","position: 
  x: -0.242410527199
  y: -1.40535169705
  z: 5.16565608978
orientation: 
  x: 0.0041915894241
  y: -0.0394759092885
  z: 0.0115029700327
  w: 0.999145517352","linear: 
  x: -0.729016721249
  y: -0.147463425994
  z: -0.0688720792532
angular: 
  x: 0.0391262099147
  y: 0.0190062485635
  z: 0.015207272023","position: 
  x: -4.72165083813
  y: 1.45220570251
  z: 5.0
orientation: 
  x: 0.0
  y: 0.0
  z: 0.0
  w: 0.0"
76,"linear: 
  x: -1.34578251839
  y: -0.155222103
  z: -0.06088892618451294
angular: 
  x: 0
  y: 0
  z: 0","position: 
  x: -0.395168887109
  y: -1.43355899915
  z: 5.15840244293
orientation: 
  x: 0.00523234304835
  y: -0.0409748709476
  z: 0.0121489980177
  w: 0.999072612168","linear: 
  x: -0.728491067886
  y: -0.156662836671
  z: -0.0671247020364
angular: 
  x: 0.00455405935645
  y: -0.0247648768127
  z: 0.0605667978525","position: 
  x: -4.72165083813
  y: 1.45220570251
  z: 5.0
orientation: 
  x: 0.0
  y: 0.0
  z: 0.0
  w: 0.0"
77,"linear: 
  x: -1.39100718498
  y: -0.0965396016836
  z: -0.06237456111120208
angular: 
  x: 0
  y: 0
  z: 0","position: 
  x: -0.550840245217
  y: -1.46495586499
  z: 5.15881252289
orientation: 
  x: 0.00284341332968
  y: -0.0566468244249
  z: 0.0116973937877
  w: 0.998321703291","linear: 
  x: -0.761876046658
  y: -0.162678390741
  z: -0.0640270709991
angular: 
  x: -0.00106280983891
  y: -0.0715046823025
  z: -0.0889505073428","position: 
  x: -4.72165083813
  y: 1.45220570251
  z: 5.0
orientation: 
  x: 0.0
  y: 0.0
  z: 0.0
  w: 0.0"
78,"linear: 
  x: -1.35620188713
  y: -0.0903201550245
  z: -0.06606028716916053
angular: 
  x: 0
  y: 0
  z: 0","position: 
  x: -0.716015444726
  y: -1.49605184659
  z: 5.1643705368
orientation: 
  x: -0.00448352620647
  y: -0.0735367455568
  z: 0.0108327089124
  w: 0.997223594518","linear: 
  x: -0.837216675282
  y: -0.149713143706
  z: -0.0629227682948
angular: 
  x: -0.148013785481
  y: -0.126211807132
  z: 0.015589707531","position: 
  x: -4.72165083813
  y: 1.45220570251
  z: 5.0
orientation: 
  x: 0.0
  y: 0.0
  z: 0.0
  w: 0.0"
79,"linear: 
  x: -1.54842102528
  y: 0.160944581032
  z: -0.07152898607823217
angular: 
  x: 0
  y: 0
  z: 0","position: 
  x: -0.998136149377
  y: -1.53530222043
  z: 5.17084407806
orientation: 
  x: -0.00981953578764
  y: -0.072855530086
  z: 0.0105813453198
  w: 0.997238027546","linear: 
  x: -0.97832775116
  y: -0.113627880812
  z: -0.0754030719399
angular: 
  x: 0.0612189434469
  y: 0.0987507179379
  z: -0.0141166318208","position: 
  x: -4.72165083813
  y: 1.45220570251
  z: 5.0
orientation: 
  x: 0.0
  y: 0.0
  z: 0.0
  w: 0.0"
80,"linear: 
  x: -1.6726051569
  y: 0.527862012386
  z: -0.07380514936850088
angular: 
  x: 0
  y: 0
  z: 0","position: 
  x: -1.20437799546
  y: -1.55404764279
  z: 5.17086315155
orientation: 
  x: -0.0148622998724
  y: -0.0722716342153
  z: 0.0105164807419
  w: 0.997218795733","linear: 
  x: -1.03950226307
  y: -0.0723479017615
  z: -0.0791662633419
angular: 
  x: -0.218779608607
  y: -0.116271562874
  z: -0.01013196446","position: 
  x: -4.72165083813
  y: 1.45220570251
  z: 5.0
orientation: 
  x: 0.0
  y: 0.0
  z: 0.0
  w: 0.0"
81,"linear: 
  x: -1.63608908653
  y: 0.541843473911
  z: -0.07255016846868133
angular: 
  x: 0
  y: 0
  z: 0","position: 
  x: -1.41887341592
  y: -1.56449419126
  z: 5.16236972809
orientation: 
  x: -0.0332700356245
  y: -0.0814280232547
  z: 0.00953235223958
  w: 0.996078167625","linear: 
  x: -1.10321807861
  y: -0.00612540589645
  z: -0.0778410360217
angular: 
  x: -0.288018286228
  y: -0.165929928422
  z: 0.0736639872193","position: 
  x: -4.72165083813
  y: 1.45220570251
  z: 5.0
orientation: 
  x: 0.0
  y: 0.0
  z: 0.0
  w: 0.0"
82,"linear: 
  x: -1.61800825596
  y: 0.644647419453
  z: -0.07246915461026984
angular: 
  x: 0
  y: 0
  z: 0","position: 
  x: -1.65241359326
  y: -1.55723863706
  z: 5.15585613251
orientation: 
  x: -0.0497444085482
  y: -0.0846710701412
  z: 0.00774975123808
  w: 0.995136294713","linear: 
  x: -1.16815578938
  y: 0.102190159261
  z: -0.0801318287849
angular: 
  x: -0.0338714681566
  y: 0.0886297151446
  z: -0.0358291082084","position: 
  x: -4.72165083813
  y: 1.45220570251
  z: 5.0
orientation: 
  x: 0.0
  y: 0.0
  z: 0.0
  w: 0.0"
83,"linear: 
  x: -1.56573998928
  y: 1.07290399075
  z: -0.07163510743994546
angular: 
  x: 0
  y: 0
  z: 0","position: 
  x: -1.89889560792
  y: -1.52669578656
  z: 5.14708518982
orientation: 
  x: -0.0471370729507
  y: -0.0788818443902
  z: 0.00698225756681
  w: 0.995744444654","linear: 
  x: -1.22158432007
  y: 0.218543767929
  z: -0.0786288008094
angular: 
  x: -0.0496698766947
  y: -0.00572963198647
  z: -0.0212045740336","position: 
  x: -4.72165083813
  y: 1.45220570251
  z: 5.0
orientation: 
  x: 0.0
  y: 0.0
  z: 0.0
  w: 0.0"
84,"linear: 
  x: -1.44612896442
  y: 1.31143057346
  z: -0.07393346396802965
angular: 
  x: 0
  y: 0
  z: 0","position: 
  x: -2.14783226106
  y: -1.47725921735
  z: 5.14425134659
orientation: 
  x: -0.0573728220624
  y: -0.0751320808847
  z: 0.00763418481726
  w: 0.995492465533","linear: 
  x: -1.24719679356
  y: 0.314679861069
  z: -0.071755670011
angular: 
  x: -0.349294245243
  y: 0.0363575816154
  z: 0.0143678216264","position: 
  x: -4.72165083813
  y: 1.45220570251
  z: 5.0
orientation: 
  x: 0.0
  y: 0.0
  z: 0.0
  w: 0.0"
85,"linear: 
  x: -1.41037023067
  y: 1.32614994049
  z: -0.08002882231417965
angular: 
  x: 0
  y: 0
  z: 0","position: 
  x: -2.40035937878
  y: -1.40505748853
  z: 5.14742517471
orientation: 
  x: -0.0808490924363
  y: -0.0692591561482
  z: 0.00586928554671
  w: 0.994299826526","linear: 
  x: -1.24483311176
  y: 0.449002593756
  z: -0.0771482884884
angular: 
  x: -0.206404447556
  y: 0.121798858047
  z: 0.000583105313126","position: 
  x: -4.72165083813
  y: 1.45220570251
  z: 5.0
orientation: 
  x: 0.0
  y: 0.0
  z: 0.0
  w: 0.0"
86,"linear: 
  x: -1.19995558262
  y: 1.59765136242
  z: -0.08727426761265027
angular: 
  x: 0
  y: 0
  z: 0","position: 
  x: -2.65346007201
  y: -1.30143600568
  z: 5.15042209625
orientation: 
  x: -0.0853385066343
  y: -0.0638289106327
  z: 0.0043005378374
  w: 0.99429609012","linear: 
  x: -1.22126221657
  y: 0.599253773689
  z: -0.0890883952379
angular: 
  x: 0.0815460309386
  y: 0.053066726774
  z: -0.031795360148","position: 
  x: -4.72165083813
  y: 1.45220570251
  z: 5.0
orientation: 
  x: 0.0
  y: 0.0
  z: 0.0
  w: 0.0"
87,"linear: 
  x: -1.1408495903
  y: 1.64006745815
  z: -0.0929573673937033
angular: 
  x: 0
  y: 0
  z: 0","position: 
  x: -2.89596478793
  y: -1.17237192258
  z: 5.14875841141
orientation: 
  x: -0.0852168126632
  y: -0.0600954260823
  z: 0.00534000567878
  w: 0.994534121558","linear: 
  x: -1.19010698795
  y: 0.73074054718
  z: -0.0922360941768
angular: 
  x: -0.168845191598
  y: 0.25700545311
  z: 0.106087259948","position: 
  x: -4.72165083813
  y: 1.45220570251
  z: 5.0
orientation: 
  x: 0.0
  y: 0.0
  z: 0.0
  w: 0.0"
88,"linear: 
  x: -1.06301558018
  y: 1.65595388412
  z: -0.09736271179260074
angular: 
  x: 0
  y: 0
  z: 0","position: 
  x: -3.13801150176
  y: -1.01477008924
  z: 5.14504718781
orientation: 
  x: -0.0936540154892
  y: -0.0515145898483
  z: 0.00557189735077
  w: 0.994255563915","linear: 
  x: -1.13960158825
  y: 0.842095077038
  z: -0.0955968499184
angular: 
  x: 0.0216555539519
  y: 0.0134057607502
  z: 0.0522286444902","position: 
  x: -4.72165083813
  y: 1.45220570251
  z: 5.0
orientation: 
  x: 0.0
  y: 0.0
  z: 0.0
  w: 0.0"
89,"linear: 
  x: -0.995196402073
  y: 1.67794728279
  z: -0.10051433692893252
angular: 
  x: 0
  y: 0
  z: 0","position: 
  x: -3.3638148472
  y: -0.837168751802
  z: 5.13714075089
orientation: 
  x: -0.0921103092309
  y: -0.0506246524361
  z: 0.00659728794775
  w: 0.994439194366","linear: 
  x: -1.09262180328
  y: 0.942666649818
  z: -0.101049214602
angular: 
  x: 0.0274842362851
  y: -0.0130877904594
  z: 0.0980755463243","position: 
  x: -4.72165083813
  y: 1.45220570251
  z: 5.0
orientation: 
  x: 0.0
  y: 0.0
  z: 0.0
  w: 0.0"
90,"linear: 
  x: -0.923006474972
  y: 1.68866813183
  z: -0.10014255918725175
angular: 
  x: 0
  y: 0
  z: 0","position: 
  x: -3.57613205317
  y: -0.643555461016
  z: 5.12428426743
orientation: 
  x: -0.0893486949364
  y: -0.048834512127
  z: 0.00664858113716
  w: 0.994780275994","linear: 
  x: -1.04501760006
  y: 1.01855194569
  z: -0.109541863203
angular: 
  x: 0.00889884401113
  y: -0.0152263473719
  z: 0.000159290153533","position: 
  x: -4.72165083813
  y: 1.45220570251
  z: 5.0
orientation: 
  x: 0.0
  y: 0.0
  z: 0.0
  w: 0.0"
91,"linear: 
  x: -0.838375449181
  y: 1.68483150005
  z: -0.10284573491943744
angular: 
  x: 0
  y: 0
  z: 0","position: 
  x: -3.7828884587
  y: -0.43436723813
  z: 5.11516046524
orientation: 
  x: -0.0880490840156
  y: -0.0466632884042
  z: 0.00738071407969
  w: 0.994995186611","linear: 
  x: -1.00266861916
  y: 1.06503260136
  z: -0.109478250146
angular: 
  x: 0.0237896759063
  y: 0.00547912111506
  z: -0.00132885191124","position: 
  x: -4.72165083813
  y: 1.45220570251
  z: 5.0
orientation: 
  x: 0.0
  y: 0.0
  z: 0.0
  w: 0.0"
92,"linear: 
  x: -0.755701422691
  y: 1.66591560841
  z: -0.10722287476278715
angular: 
  x: 0
  y: 0
  z: 0","position: 
  x: -3.94717528078
  y: -0.255096732225
  z: 5.10988664627
orientation: 
  x: -0.0886668414103
  y: -0.043541286511
  z: 0.00747647142912
  w: 0.995081127335","linear: 
  x: -0.96623891592
  y: 1.09475648403
  z: -0.107381522655
angular: 
  x: 0.0472703352571
  y: 0.0805616006255
  z: 0.0247142463923","position: 
  x: -4.72165083813
  y: 1.45220570251
  z: 5.0
orientation: 
  x: 0.0
  y: 0.0
  z: 0.0
  w: 0.0"
93,"linear: 
  x: -0.640395641327
  y: 1.61880135536
  z: -0.1119378667211246
angular: 
  x: 0
  y: 0
  z: 0","position: 
  x: -4.13032265159
  y: -0.0425623045825
  z: 5.10336112976
orientation: 
  x: -0.0894528520561
  y: -0.0412601034011
  z: 0.00819680304266
  w: 0.99510230808","linear: 
  x: -0.923851966858
  y: 1.12198114395
  z: -0.114564999938
angular: 
  x: 0.00164865900297
  y: -0.00828298553824
  z: 0.00760570913553","position: 
  x: -4.72165083813
  y: 1.45220570251
  z: 5.0
orientation: 
  x: 0.0
  y: 0.0
  z: 0.0
  w: 0.0"
94,"linear: 
  x: -0.499109596014
  y: 1.53391492367
  z: -0.1156279506881445
angular: 
  x: 0
  y: 0
  z: 0","position: 
  x: -4.30575393292
  y: 0.174028576765
  z: 5.09635019302
orientation: 
  x: -0.0882758527391
  y: -0.0367054707599
  z: 0.00870298681237
  w: 0.995381504881","linear: 
  x: -0.889882147312
  y: 1.14345419407
  z: -0.117318272591
angular: 
  x: 0.0597626566887
  y: 0.0176887791604
  z: 0.0181888248771","position: 
  x: -4.72165083813
  y: 1.45220570251
  z: 5.0
orientation: 
  x: 0.0
  y: 0.0
  z: 0.0
  w: 0.0"
95,"linear: 
  x: -0.330044329166
  y: 1.39827418327
  z: -0.11595685345799629
angular: 
  x: 0
  y: 0
  z: 0","position: 
  x: -4.47186105105
  y: 0.393939913664
  z: 5.08776044846
orientation: 
  x: -0.0862778098496
  y: -0.0322945474903
  z: 0.00924061194784
  w: 0.99570468153","linear: 
  x: -0.828902184963
  y: 1.15195584297
  z: -0.122960247099
angular: 
  x: 0.0165303945541
  y: -0.0194358564913
  z: 0.0324428491294","position: 
  x: -4.72165083813
  y: 1.45220570251
  z: 5.0
orientation: 
  x: 0.0
  y: 0.0
  z: 0.0
  w: 0.0"
96,"linear: 
  x: 1.03057038784
  y: -0.487987101078
  z: 4.102050977461652e-05
angular: 
  x: 0
  y: 0
  z: 0","position: 
  x: -5.08041583154
  y: 1.88182348147
  z: 4.9997882843
orientation: 
  x: 0.0213015585974
  y: 0.0248356186912
  z: 0.008443361883
  w: 0.999428909571","linear: 
  x: 0.201763629913
  y: -0.212582394481
  z: 0.000252551340964
angular: 
  x: 0.0123865026981
  y: 0.0359991416335
  z: 0.00121704442427","position: 
  x: 4.44374068386
  y: -2.09850713283
  z: 5.0
orientation: 
  x: 0.0
  y: 0.0
  z: 0.0
  w: 0.0"
97,"linear: 
  x: 1.00787568092
  y: -0.483914792538
  z: 3.4301063403033755e-05
angular: 
  x: 0
  y: 0
  z: 0","position: 
  x: -5.03520105931
  y: 1.82621604339
  z: 4.99982404709
orientation: 
  x: 0.0146861094611
  y: 0.0335548201223
  z: 0.00910570013449
  w: 0.999287485392","linear: 
  x: 0.212239190936
  y: -0.222029924393
  z: 0.00572476489469
angular: 
  x: -0.266026318073
  y: 0.38713657856
  z: 0.0295002833009","position: 
  x: 4.44374068386
  y: -2.09850713283
  z: 5.0
orientation: 
  x: 0.0
  y: 0.0
  z: 0.0
  w: 0.0"
98,"linear: 
  x: 0.980754971504
  y: -0.479714542627
  z: 0.0009243531332447749
angular: 
  x: 0
  y: 0
  z: 0","position: 
  x: -4.97916554067
  y: 1.7647851123
  z: 4.99529314041
orientation: 
  x: -0.000207483670751
  y: 0.0553427907408
  z: 0.0093845860527
  w: 0.998423287994","linear: 
  x: 0.281985968351
  y: -0.209429904819
  z: 0.000906428322196
angular: 
  x: -0.0513713173568
  y: 0.0471751429141
  z: -0.0240402817726","position: 
  x: 4.44374068386
  y: -2.09850713283
  z: 5.0
orientation: 
  x: 0.0
  y: 0.0
  z: 0.0
  w: 0.0"
99,"linear: 
  x: 0.948850035667
  y: -0.47439661622
  z: 0.001973930915271276
angular: 
  x: 0
  y: 0
  z: 0","position: 
  x: -4.90844212624
  y: 1.70889979735
  z: 4.99003410339
orientation: 
  x: 0.00192801266284
  y: 0.052200004684
  z: 0.00949484109367
  w: 0.998589650593","linear: 
  x: 0.357468903065
  y: -0.172583982348
  z: 0.00193370017223
angular: 
  x: 0.0490958988667
  y: -0.0846626982093
  z: 0.0188195500523","position: 
  x: 4.44374068386
  y: -2.09850713283
  z: 5.0
orientation: 
  x: 0.0
  y: 0.0
  z: 0.0
  w: 0.0"
100,"linear: 
  x: 0.911519408226
  y: -0.468386471272
  z: 0.0031282827392126802
angular: 
  x: 0
  y: 0
  z: 0","position: 
  x: -4.82320271584
  y: 1.65278226272
  z: 4.98436260223
orientation: 
  x: 0.00545677046386
  y: 0.0473798473459
  z: 0.00971282472832
  w: 0.998814815047","linear: 
  x: 0.410937309265
  y: -0.159659191966
  z: 0.00282351579517
angular: 
  x: 0.0307494420558
  y: -0.0440027192235
  z: 0.0164570827037","position: 
  x: 4.44374068386
  y: -2.09850713283
  z: 5.0
orientation: 
  x: 0.0
  y: 0.0
  z: 0.0
  w: 0.0"
101,"linear: 
  x: 0.872578144073
  y: -0.462888985872
  z: 0.007314941236336011
angular: 
  x: 0
  y: 0
  z: 0","position: 
  x: -4.73326240632
  y: 1.59820145503
  z: 4.96381425858
orientation: 
  x: 0.00671303277306
  y: 0.0453366126366
  z: 0.00964564340358
  w: 0.998902642057","linear: 
  x: 0.432557761669
  y: -0.163478583097
  z: 0.00317636365071
angular: 
  x: 0.00410931371152
  y: 0.0423960760236
  z: -0.020041808486","position: 
  x: 4.44374068386
  y: -2.09850713283
  z: 5.0
orientation: 
  x: 0.0
  y: 0.0
  z: 0.0
  w: 0.0"
102,"linear: 
  x: 0.831677079201
  y: -0.458268642426
  z: 0.010434401738642308
angular: 
  x: 0
  y: 0
  z: 0","position: 
  x: -4.6382827625
  y: 1.54267591373
  z: 4.94895029068
orientation: 
  x: 0.00757708639899
  y: 0.0429836094401
  z: 0.00995525385183
  w: 0.99899744244","linear: 
  x: 0.439663410187
  y: -0.170085176826
  z: 0.0026244702749
angular: 
  x: 0.0305851176381
  y: -0.046719815582
  z: 0.0181682500988","position: 
  x: 4.44374068386
  y: -2.09850713283
  z: 5.0
orientation: 
  x: 0.0
  y: 0.0
  z: 0.0
  w: 0.0"
103,"linear: 
  x: 0.796785950661
  y: -0.455330312252
  z: 0.01208324642006243
angular: 
  x: 0
  y: 0
  z: 0","position: 
  x: -4.55687867257
  y: 1.49648362533
  z: 4.9414434433
orientation: 
  x: 0.00724475866136
  y: 0.0413609724976
  z: 0.0101237993041
  w: 0.999066710542","linear: 
  x: 0.439987689257
  y: -0.177176520228
  z: 0.00888088718057
angular: 
  x: 0.0198712516576
  y: -0.0352605991066
  z: -0.00826617423445","position: 
  x: 4.44374068386
  y: -2.09850713283
  z: 5.0
orientation: 
  x: 0.0
  y: 0.0
  z: 0.0
  w: 0.0"
104,"linear: 
  x: 0.755470454693
  y: -0.453602582216
  z: 0.01220677698352299
angular: 
  x: 0
  y: 0
  z: 0","position: 
  x: -4.46034376475
  y: 1.44105726615
  z: 4.94151735306
orientation: 
  x: 0.00765474361618
  y: 0.038963638289
  z: 0.010319108033
  w: 0.999158023438","linear: 
  x: 0.445330440998
  y: -0.187339991331
  z: 0.0144114755094
angular: 
  x: -0.00108918710612
  y: -0.0406664386392
  z: 0.00775789283216","position: 
  x: 4.44374068386
  y: -2.09850713283
  z: 5.0
orientation: 
  x: 0.0
  y: 0.0
  z: 0.0
  w: 0.0"
105,"linear: 
  x: 0.712962388992
  y: -0.453998297453
  z: 0.012128273683437774
angular: 
  x: 0
  y: 0
  z: 0","position: 
  x: -4.36057274196
  y: 1.38352316752
  z: 4.94258451462
orientation: 
  x: 0.00847370955005
  y: 0.0383425885623
  z: 0.0107519139948
  w: 0.999170875523","linear: 
  x: 0.436631351709
  y: -0.190259978175
  z: 0.0131078977138
angular: 
  x: -0.0124080311507
  y: 0.0953887104988
  z: 0.00486938003451","position: 
  x: 4.44374068386
  y: -2.09850713283
  z: 5.0
orientation: 
  x: 0.0
  y: 0.0
  z: 0.0
  w: 0.0"
106,"linear: 
  x: 0.672508299351
  y: -0.456786692142
  z: 0.011259214081186904
angular: 
  x: 0
  y: 0
  z: 0","position: 
  x: -4.26493548009
  y: 1.32804077998
  z: 4.94731426239
orientation: 
  x: 0.00956384155274
  y: 0.0377326610033
  z: 0.0107750945461
  w: 0.999184005359","linear: 
  x: 0.422124177217
  y: -0.195691302419
  z: 0.0161060076207
angular: 
  x: -0.00998105015606
  y: -0.00557379517704
  z: -0.0141901802272","position: 
  x: 4.44374068386
  y: -2.09850713283
  z: 5.0
orientation: 
  x: 0.0
  y: 0.0
  z: 0.0
  w: 0.0"
107,"linear: 
  x: 0.63252389431
  y: -0.462772071362
  z: 0.010875760347483292
angular: 
  x: 0
  y: 0
  z: 0","position: 
  x: -4.16944395158
  y: 1.2708601369
  z: 4.94970560074
orientation: 
  x: 0.00988952625255
  y: 0.0361292850083
  z: 0.0107530098164
  w: 0.999240333861","linear: 
  x: 0.422076672316
  y: -0.21335695684
  z: 0.0144695173949
angular: 
  x: 0.0109418695793
  y: -0.0554453469813
  z: -0.00277437875047","position: 
  x: 4.44374068386
  y: -2.09850713283
  z: 5.0
orientation: 
  x: 0.0
  y: 0.0
  z: 0.0
  w: 0.0"
108,"linear: 
  x: 0.593149483204
  y: -0.471509456635
  z: 0.009962906487654695
angular: 
  x: 0
  y: 0
  z: 0","position: 
  x: -4.07392130944
  y: 1.21104258433
  z: 4.95447874069
orientation: 
  x: 0.00932059061839
  y: 0.0347508147979
  z: 0.0111007627614
  w: 0.999290888844","linear: 
  x: 0.413771510124
  y: -0.221589028835
  z: 0.0153547525406
angular: 
  x: -0.0172254983336
  y: 0.0327799245715
  z: 0.0163069330156","position: 
  x: 4.44374068386
  y: -2.09850713283
  z: 5.0
orientation: 
  x: 0.0
  y: 0.0
  z: 0.0
  w: 0.0"
109,"linear: 
  x: 0.55516397953
  y: -0.458885192871
  z: 0.009464500042043413
angular: 
  x: 0
  y: 0
  z: 0","position: 
  x: -3.98445879075
  y: 1.15182680026
  z: 4.9572520256
orientation: 
  x: 0.0102995135859
  y: 0.0347350893413
  z: 0.0113804920021
  w: 0.999278678843","linear: 
  x: 0.389614313841
  y: -0.229561492801
  z: 0.0138409649953
angular: 
  x: 0.0170857477933
  y: 0.0401962473989
  z: 0.0141733493656","position: 
  x: 4.44374068386
  y: -2.09850713283
  z: 5.0
orientation: 
  x: 0.0
  y: 0.0
  z: 0.0
  w: 0.0"
110,"linear: 
  x: 0.517073631287
  y: -0.445531129837
  z: 0.008377280037094897
angular: 
  x: 0
  y: 0
  z: 0","position: 
  x: -3.89493213746
  y: 1.08978957072
  z: 4.96260595322
orientation: 
  x: 0.0109487983823
  y: 0.0317853509284
  z: 0.0114131130645
  w: 0.99936957935","linear: 
  x: 0.387113064528
  y: -0.251097619534
  z: 0.0121966032311
angular: 
  x: 0.0444659478962
  y: -0.0375694036484
  z: -0.0277824606746","position: 
  x: 4.44374068386
  y: -2.09850713283
  z: 5.0
orientation: 
  x: 0.0
  y: 0.0
  z: 0.0
  w: 0.0"
111,"linear: 
  x: 0.463256835938
  y: -0.425247251987
  z: 0.010616707769773583
angular: 
  x: 0
  y: 0
  z: 0","position: 
  x: -3.76879735443
  y: 0.996813000593
  z: 4.95341062546
orientation: 
  x: 0.00970093503993
  y: 0.0301386534336
  z: 0.0110841148569
  w: 0.999437189535","linear: 
  x: 0.360729783773
  y: -0.261336088181
  z: 0.00890226103365
angular: 
  x: -0.0225277673453
  y: 0.0223375726491
  z: 0.0370165333152","position: 
  x: 4.44374068386
  y: -2.09850713283
  z: 5.0
orientation: 
  x: 0.0
  y: 0.0
  z: 0.0
  w: 0.0"
112,"linear: 
  x: 0.429359972477
  y: -0.411357790232
  z: 0.010705753578308946
angular: 
  x: 0
  y: 0
  z: 0","position: 
  x: -3.68963613886
  y: 0.93403166667
  z: 4.95353460312
orientation: 
  x: 0.00869410948852
  y: 0.0287156529105
  z: 0.0115850301921
  w: 0.999482671592","linear: 
  x: 0.341632038355
  y: -0.267522394657
  z: 0.010349505581
angular: 
  x: -0.0117882303894
  y: -0.0909257307649
  z: 0.0051628742367","position: 
  x: 4.44374068386
  y: -2.09850713283
  z: 5.0
orientation: 
  x: 0.0
  y: 0.0
  z: 0.0
  w: 0.0"
113,"linear: 
  x: 0.396341502666
  y: -0.397392749786
  z: 0.011993955580665842
angular: 
  x: 0
  y: 0
  z: 0","position: 
  x: -3.61255734193
  y: 0.871632756148
  z: 4.94850683212
orientation: 
  x: 0.00757318504451
  y: 0.0264208885371
  z: 0.0109586436405
  w: 0.999562149967","linear: 
  x: 0.328143358231
  y: -0.271534532309
  z: 0.00995432119817
angular: 
  x: -0.00592333311215
  y: -0.0143818976358
  z: -0.0629190951586","position: 
  x: 4.44374068386
  y: -2.09850713283
  z: 5.0
orientation: 
  x: 0.0
  y: 0.0
  z: 0.0
  w: 0.0"
114,"linear: 
  x: 0.365302115679
  y: -0.383754253387
  z: 0.014325075318279396
angular: 
  x: 0
  y: 0
  z: 0","position: 
  x: -3.54015857133
  y: 0.811397017393
  z: 4.9391336441
orientation: 
  x: 0.00724654682146
  y: 0.0258039924649
  z: 0.0106004795003
  w: 0.999584549384","linear: 
  x: 0.304885685444
  y: -0.264596819878
  z: 0.0109991729259
angular: 
  x: 0.026093877852
  y: 0.0158758889884
  z: 0.037487167865","position: 
  x: 4.44374068386
  y: -2.09850713283
  z: 5.0
orientation: 
  x: 0.0
  y: 0.0
  z: 0.0
  w: 0.0"
115,"linear: 
  x: 0.336413472891
  y: -0.370501458645
  z: 0.014863445461021528
angular: 
  x: 0
  y: 0
  z: 0","position: 
  x: -3.47285883281
  y: 0.753520192061
  z: 4.9374628067
orientation: 
  x: 0.00682912737132
  y: 0.0255891341332
  z: 0.0113187043408
  w: 0.999585137027","linear: 
  x: 0.291975498199
  y: -0.262910306454
  z: 0.0158608090132
angular: 
  x: -0.0443843714893
  y: -0.0574425570667
  z: 0.0213771965355","position: 
  x: 4.44374068386
  y: -2.09850713283
  z: 5.0
orientation: 
  x: 0.0
  y: 0.0
  z: 0.0
  w: 0.0"
116,"linear: 
  x: 0.307909548283
  y: -0.357412993908
  z: 0.013984941947321302
angular: 
  x: 0
  y: 0
  z: 0","position: 
  x: -3.40633821639
  y: 0.696973265562
  z: 4.94173049927
orientation: 
  x: 0.0057691515377
  y: 0.0246093698194
  z: 0.0107583203213
  w: 0.999622605963","linear: 
  x: 0.273532956839
  y: -0.264812558889
  z: 0.0182230193168
angular: 
  x: 0.0101546654478
  y: 0.0461799763143
  z: -0.0500849597156","position: 
  x: 4.44374068386
  y: -2.09850713283
  z: 5.0
orientation: 
  x: 0.0
  y: 0.0
  z: 0.0
  w: 0.0"
117,"linear: 
  x: 0.285472393036
  y: -0.371872425079
  z: 0.012402089098656423
angular: 
  x: 0
  y: 0
  z: 0","position: 
  x: -3.35432015511
  y: 0.65118760005
  z: 4.9487247467
orientation: 
  x: 0.00554772717025
  y: 0.0253846197487
  z: 0.010846618027
  w: 0.999603518742","linear: 
  x: 0.264698475599
  y: -0.264994949102
  z: 0.0178774017841
angular: 
  x: 0.0330299250782
  y: 0.0183040760458
  z: -0.0477288849652","position: 
  x: 4.44374068386
  y: -2.09850713283
  z: 5.0
orientation: 
  x: 0.0
  y: 0.0
  z: 0.0
  w: 0.0"
118,"linear: 
  x: 0.261954605579
  y: -0.415728986263
  z: 0.010915507265040892
angular: 
  x: 0
  y: 0
  z: 0","position: 
  x: -3.29373143765
  y: 0.595775069151
  z: 4.95528316498
orientation: 
  x: 0.00625651724032
  y: 0.0238783898622
  z: 0.0110984874639
  w: 0.999633683939","linear: 
  x: 0.258973538876
  y: -0.262105166912
  z: 0.0159215778112
angular: 
  x: 0.0386721976101
  y: -0.0418730303645
  z: 0.0423674881458","position: 
  x: 4.44374068386
  y: -2.09850713283
  z: 5.0
orientation: 
  x: 0.0
  y: 0.0
  z: 0.0
  w: 0.0"
119,"linear: 
  x: 0.243939042091
  y: -0.463404685259
  z: 0.01134368652751056
angular: 
  x: 0
  y: 0
  z: 0","position: 
  x: -3.23616503331
  y: 0.544209898863
  z: 4.95393323898
orientation: 
  x: 0.00731976706126
  y: 0.022828329618
  z: 0.0113150792224
  w: 0.999648566927","linear: 
  x: 0.253647863865
  y: -0.259548574686
  z: 0.0122000072151
angular: 
  x: -0.0578261837363
  y: 0.0153606571257
  z: -0.0163709111512","position: 
  x: 4.44374068386
  y: -2.09850713283
  z: 5.0
orientation: 
  x: 0.0
  y: 0.0
  z: 0.0
  w: 0.0"
120,"linear: 
  x: 0.232733309269
  y: -0.520826756954
  z: 0.01124762256191059
angular: 
  x: 0
  y: 0
  z: 0","position: 
  x: -3.17996807548
  y: 0.490824879561
  z: 4.95471954346
orientation: 
  x: 0.0101034045328
  y: 0.0219395442966
  z: 0.0110962531886
  w: 0.999646662966","linear: 
  x: 0.229970902205
  y: -0.278421103954
  z: 0.0129911471158
angular: 
  x: 0.0901172757149
  y: -0.0150778274983
  z: -0.0138481985778","position: 
  x: 4.44374068386
  y: -2.09850713283
  z: 5.0
orientation: 
  x: 0.0
  y: 0.0
  z: 0.0
  w: 0.0"
121,"linear: 
  x: 0.231554716825
  y: -0.587657630444
  z: 0.010772004961555965
angular: 
  x: 0
  y: 0
  z: 0","position: 
  x: -3.12714307162
  y: 0.436245383177
  z: 4.9569978714
orientation: 
  x: 0.014664962712
  y: 0.0207462428412
  z: 0.0112813197629
  w: 0.999613557382","linear: 
  x: 0.222969025373
  y: -0.296786874533
  z: 0.015340346843
angular: 
  x: 0.0214136652648
  y: -0.0245588459074
  z: 0.0089614354074","position: 
  x: 4.44374068386
  y: -2.09850713283
  z: 5.0
orientation: 
  x: 0.0
  y: 0.0
  z: 0.0
  w: 0.0"
122,"linear: 
  x: 0.245494544506
  y: -0.66647708416
  z: 0.009635338702376029
angular: 
  x: 0
  y: 0
  z: 0","position: 
  x: -3.07900618169
  y: 0.377771557722
  z: 4.96184444427
orientation: 
  x: 0.0172722247381
  y: 0.0204987476986
  z: 0.0109505940059
  w: 0.999580690133","linear: 
  x: 0.218822613358
  y: -0.320952296257
  z: 0.0146904140711
angular: 
  x: -0.063313819468
  y: 0.0281242132187
  z: -0.00734270596877","position: 
  x: 4.44374068386
  y: -2.09850713283
  z: 5.0
orientation: 
  x: 0.0
  y: 0.0
  z: 0.0
  w: 0.0"
123,"linear: 
  x: 0.280515164137
  y: -0.759294986725
  z: 0.008120281940708459
angular: 
  x: 0
  y: 0
  z: 0","position: 
  x: -3.03221146914
  y: 0.312596501265
  z: 4.96810674667
orientation: 
  x: 0.0202358350036
  y: 0.0217552456488
  z: 0.0112231575798
  w: 0.999495503243","linear: 
  x: 0.198781937361
  y: -0.368107527494
  z: 0.0143078742549
angular: 
  x: 0.0378125496209
  y: 0.0141174001619
  z: 0.0320769995451","position: 
  x: 4.44374068386
  y: -2.09850713283
  z: 5.0
orientation: 
  x: 0.0
  y: 0.0
  z: 0.0
  w: 0.0"
124,"linear: 
  x: 0.343238651752
  y: -0.860535860062
  z: 0.006002387411449433
angular: 
  x: 0
  y: 0
  z: 0","position: 
  x: -2.98778490874
  y: 0.241562308226
  z: 4.97661685944
orientation: 
  x: 0.0249062507623
  y: 0.0244045747871
  z: 0.0112984316567
  w: 0.999327994627","linear: 
  x: 0.197047993541
  y: -0.410673201084
  z: 0.0109706139192
angular: 
  x: 0.0767120867968
  y: 0.0126269906759
  z: 0.0286302939057","position: 
  x: 4.44374068386
  y: -2.09850713283
  z: 5.0
orientation: 
  x: 0.0
  y: 0.0
  z: 0.0
  w: 0.0"
125,"linear: 
  x: 0.3667088449
  y: -0.892345309258
  z: 0.0047411221823716095
angular: 
  x: 0
  y: 0
  z: 0","position: 
  x: -2.94139121625
  y: 0.159830273543
  z: 4.98169279099
orientation: 
  x: 0.0301121812907
  y: 0.0268907536268
  z: 0.0101676315789
  w: 0.999133005748","linear: 
  x: 0.214909255505
  y: -0.462363928556
  z: 0.00941310450435
angular: 
  x: -0.0421067215502
  y: 0.0200599879026
  z: -0.009645530954","position: 
  x: 4.44374068386
  y: -2.09850713283
  z: 5.0
orientation: 
  x: 0.0
  y: 0.0
  z: 0.0
  w: 0.0"
126,"linear: 
  x: 0.35200047493
  y: -0.878215432167
  z: 0.004823704578766698
angular: 
  x: 0
  y: 0
  z: 0","position: 
  x: -2.89367143962
  y: 0.0694627179242
  z: 4.98154687881
orientation: 
  x: 0.0350865511833
  y: 0.0308725626318
  z: 0.0105739693946
  w: 0.998851345283","linear: 
  x: 0.226654008031
  y: -0.52134937048
  z: 0.00709110079333
angular: 
  x: 0.0197827201337
  y: -0.00499589368701
  z: 0.085153914988","position: 
  x: 4.44374068386
  y: -2.09850713283
  z: 5.0
orientation: 
  x: 0.0
  y: 0.0
  z: 0.0
  w: 0.0"
127,"linear: 
  x: 0.336487174034
  y: -0.861533761024
  z: 0.004962363433501774
angular: 
  x: 0
  y: 0
  z: 0","position: 
  x: -2.84305654618
  y: -0.0317245112322
  z: 4.98120689392
orientation: 
  x: 0.0359062967158
  y: 0.0325030784012
  z: 0.010553401997
  w: 0.998770701141","linear: 
  x: 0.247290924191
  y: -0.576135635376
  z: 0.00305577670224
angular: 
  x: -0.00137733563315
  y: -0.0123856095597
  z: -0.0688279122114","position: 
  x: 4.44374068386
  y: -2.09850713283
  z: 5.0
orientation: 
  x: 0.0
  y: 0.0
  z: 0.0
  w: 0.0"
128,"linear: 
  x: 0.363559901714
  y: -0.890840232372
  z: 0.004556409251125839
angular: 
  x: 0
  y: 0
  z: 0","position: 
  x: -2.7709515557
  y: -0.179939089861
  z: 4.98299217224
orientation: 
  x: 0.031692384404
  y: 0.0293818583553
  z: 0.0101517424739
  w: 0.999014134682","linear: 
  x: 0.264879286289
  y: -0.620991230011
  z: 0.000262197747361
angular: 
  x: -0.0365187190473
  y: -0.0359757728875
  z: -0.0655381828547","position: 
  x: 4.44374068386
  y: -2.09850713283
  z: 5.0
orientation: 
  x: 0.0
  y: 0.0
  z: 0.0
  w: 0.0"
129,"linear: 
  x: 0.565653681755
  y: -1.03997516632
  z: 0.003668861276877411
angular: 
  x: 0
  y: 0
  z: 0","position: 
  x: -2.71527104232
  y: -0.292702494707
  z: 4.98645591736
orientation: 
  x: 0.0305175741577
  y: 0.0292674376959
  z: 0.00939318336266
  w: 0.999061491033","linear: 
  x: 0.267069995403
  y: -0.645625770092
  z: 0.0047508822754
angular: 
  x: 0.065783508122
  y: 0.100103959441
  z: -0.00415871385485","position: 
  x: 4.44374068386
  y: -2.09850713283
  z: 5.0
orientation: 
  x: 0.0
  y: 0.0
  z: 0.0
  w: 0.0"
130,"linear: 
  x: 0.811871051788
  y: -1.12320256233
  z: 0.0020339670106149363
angular: 
  x: 0
  y: 0
  z: 0","position: 
  x: -2.66068779084
  y: -0.402274428453
  z: 4.99257183075
orientation: 
  x: 0.035549831655
  y: 0.0355386959149
  z: 0.0100574598369
  w: 0.998685164636","linear: 
  x: 0.283988893032
  y: -0.654957294464
  z: 0.0047229626216
angular: 
  x: 0.179218530655
  y: 0.269902557135
  z: 0.0402265042067","position: 
  x: 4.44374068386
  y: -2.09850713283
  z: 5.0
orientation: 
  x: 0.0
  y: 0.0
  z: 0.0
  w: 0.0"
131,"linear: 
  x: 0.92248159647
  y: -1.12562012672
  z: 0.0009988695311234311
angular: 
  x: 0
  y: 0
  z: 0","position: 
  x: -2.59796641919
  y: -0.51762515172
  z: 4.99639558792
orientation: 
  x: 0.0447643294571
  y: 0.0504384119471
  z: 0.00948628586938
  w: 0.997678370914","linear: 
  x: 0.330259472132
  y: -0.693029880524
  z: 0.0035369687248
angular: 
  x: 0.0368131361902
  y: 0.190388262272
  z: -0.049000069499","position: 
  x: 4.44374068386
  y: -2.09850713283
  z: 5.0
orientation: 
  x: 0.0
  y: 0.0
  z: 0.0
  w: 0.0"
132,"linear: 
  x: 0.913138628006
  y: -1.10756587982
  z: -5.386573634701357e-05
angular: 
  x: 0
  y: 0
  z: 0","position: 
  x: -2.52260838601
  y: -0.640585480776
  z: 5.00019168854
orientation: 
  x: 0.0484707865482
  y: 0.065467586364
  z: 0.00862573145811
  w: 0.996639440693","linear: 
  x: 0.419823676348
  y: -0.752438127995
  z: 0.0029145849403
angular: 
  x: 0.0646997988224
  y: 0.141194730997
  z: -0.00674836430699","position: 
  x: 4.44374068386
  y: -2.09850713283
  z: 5.0
orientation: 
  x: 0.0
  y: 0.0
  z: 0.0
  w: 0.0"
133,"linear: 
  x: 0.899697959423
  y: -1.08973574638
  z: -0.0004551225060669677
angular: 
  x: 0
  y: 0
  z: 0","position: 
  x: -2.43041180226
  y: -0.772853909578
  z: 5.00159311295
orientation: 
  x: 0.0463556032162
  y: 0.0669248232829
  z: 0.00844643858452
  w: 0.996644813238","linear: 
  x: 0.513503491879
  y: -0.789322733879
  z: -0.00545570114627
angular: 
  x: -0.0350962206721
  y: -0.0634831935167
  z: 0.012394791469","position: 
  x: 4.44374068386
  y: -2.09850713283
  z: 5.0
orientation: 
  x: 0.0
  y: 0.0
  z: 0.0
  w: 0.0"
134,"linear: 
  x: 1.26591980457
  y: -1.05399167538
  z: -0.0004308952097785342
angular: 
  x: 0
  y: 0
  z: 0","position: 
  x: -2.32091187093
  y: -0.913376866426
  z: 5.0014796257
orientation: 
  x: 0.0433464453897
  y: 0.0603220406663
  z: 0.00807946646278
  w: 0.997204622584","linear: 
  x: 0.578500628471
  y: -0.81184220314
  z: -0.00796652212739
angular: 
  x: -0.0570495128632
  y: -0.0307742077857
  z: -0.0128624793142","position: 
  x: 4.44374068386
  y: -2.09850713283
  z: 5.0
orientation: 
  x: 0.0
  y: 0.0
  z: 0.0
  w: 0.0"
135,"linear: 
  x: 1.59755802155
  y: -0.876138687134
  z: -0.00040125808768826137
angular: 
  x: 0
  y: 0
  z: 0","position: 
  x: -2.20339845273
  y: -1.05552393064
  z: 5.00134992599
orientation: 
  x: 0.0421001703341
  y: 0.0570100978406
  z: 0.00795997977428
  w: 0.997453789969","linear: 
  x: 0.605740189552
  y: -0.819969296455
  z: -0.00702169723809
angular: 
  x: 0.00256979791448
  y: -0.0455973818898
  z: 0.000315405370202","position: 
  x: 4.44374068386
  y: -2.09850713283
  z: 5.0
orientation: 
  x: 0.0
  y: 0.0
  z: 0.0
  w: 0.0"
136,"linear: 
  x: 1.59545254707
  y: -0.850880622864
  z: 2.4908266955957952e-05
angular: 
  x: 0
  y: 0
  z: 0","position: 
  x: -2.07980679128
  y: -1.19773346051
  z: 4.99991798401
orientation: 
  x: 0.0402510312045
  y: 0.077094064346
  z: 0.00774258667222
  w: 0.996180913329","linear: 
  x: 0.665153622627
  y: -0.828541398048
  z: -0.000753532105591
angular: 
  x: -0.0393267869949
  y: 0.193362891674
  z: 0.00289153074846","position: 
  x: 4.44374068386
  y: -2.09850713283
  z: 5.0
orientation: 
  x: 0.0
  y: 0.0
  z: 0.0
  w: 0.0"
137,"linear: 
  x: 1.60146164894
  y: -0.819354355335
  z: -0.0006692040781929011
angular: 
  x: 0
  y: 0
  z: 0","position: 
  x: -1.9334214792
  y: -1.34568554028
  z: 5.00214862823
orientation: 
  x: 0.0298781841154
  y: 0.104404092908
  z: 0.00847290703224
  w: 0.994049943084","linear: 
  x: 0.780333161354
  y: -0.805548429489
  z: 0.00210728845559
angular: 
  x: -0.0601867809892
  y: 0.191988304257
  z: -0.0186689198017","position: 
  x: 4.44374068386
  y: -2.09850713283
  z: 5.0
orientation: 
  x: 0.0
  y: 0.0
  z: 0.0
  w: 0.0"
138,"linear: 
  x: 1.8752669096
  y: -0.494758844376
  z: -0.0006076871622490229
angular: 
  x: 0
  y: 0
  z: 0","position: 
  x: -1.76257930848
  y: -1.48469310864
  z: 5.00189495087
orientation: 
  x: 0.0267159688869
  y: 0.102738795158
  z: 0.00871301744144
  w: 0.994311359838","linear: 
  x: 0.915796756744
  y: -0.768722891808
  z: -0.00301607069559
angular: 
  x: 0.028518339619
  y: -0.163517475128
  z: 0.00852953083813","position: 
  x: 4.44374068386
  y: -2.09850713283
  z: 5.0
orientation: 
  x: 0.0
  y: 0.0
  z: 0.0
  w: 0.0"
139,"linear: 
  x: 1.99363327026
  y: -0.159456133842
  z: 0.0001690899421373219
angular: 
  x: 0
  y: 0
  z: 0","position: 
  x: -1.57189284417
  y: -1.61736065015
  z: 4.99948978424
orientation: 
  x: 0.0277110731325
  y: 0.0956450380586
  z: 0.00852146046068
  w: 0.994993219993","linear: 
  x: 1.01271522045
  y: -0.736423909664
  z: -0.00831928942353
angular: 
  x: 0.024060619995
  y: -0.0458038970828
  z: -0.0149367265403","position: 
  x: 4.44374068386
  y: -2.09850713283
  z: 5.0
orientation: 
  x: 0.0
  y: 0.0
  z: 0.0
  w: 0.0"
140,"linear: 
  x: 1.9963593483
  y: -0.120611578226
  z: 0.0014140515929214918
angular: 
  x: 0
  y: 0
  z: 0","position: 
  x: -1.35721646401
  y: -1.74803787335
  z: 4.99589109421
orientation: 
  x: 0.00983898116672
  y: 0.108029164294
  z: 0.0092441521824
  w: 0.994056054638","linear: 
  x: 1.09208226204
  y: -0.690233170986
  z: -0.00319859851152
angular: 
  x: -0.155354648829
  y: 0.11675067246
  z: -0.0145203555003","position: 
  x: 4.44374068386
  y: -2.09850713283
  z: 5.0
orientation: 
  x: 0.0
  y: 0.0
  z: 0.0
  w: 0.0"
141,"linear: 
  x: 1.99812150002
  y: -0.0866252183914
  z: 0.002539063057625234
angular: 
  x: 0
  y: 0
  z: 0","position: 
  x: -1.13132034394
  y: -1.85680967435
  z: 4.99291563034
orientation: 
  x: -0.0120034170783
  y: 0.117843604157
  z: 0.0122793577614
  w: 0.992883689216","linear: 
  x: 1.19264149666
  y: -0.579385995865
  z: 0.000716556678526
angular: 
  x: -0.0877968594432
  y: 0.0481999255717
  z: 0.00733130751178","position: 
  x: 4.44374068386
  y: -2.09850713283
  z: 5.0
orientation: 
  x: 0.0
  y: 0.0
  z: 0.0
  w: 0.0"
142,"linear: 
  x: 1.99905622005
  y: -0.0613697841763
  z: 0.0027928621586325152
angular: 
  x: 0
  y: 0
  z: 0","position: 
  x: -0.918538676232
  y: -1.93388849362
  z: 4.99250841141
orientation: 
  x: -0.0144417435415
  y: 0.117245394809
  z: 0.0130220691495
  w: 0.992912573772","linear: 
  x: 1.27489960194
  y: -0.469871520996
  z: -0.000709325482603
angular: 
  x: 0.0729664415121
  y: -0.00817574188113
  z: -0.0166858248413","position: 
  x: 4.44374068386
  y: -2.09850713283
  z: 5.0
orientation: 
  x: 0.0
  y: 0.0
  z: 0.0
  w: 0.0"
143,"linear: 
  x: 1.99966692924
  y: -0.0364447087049
  z: 0.001978575784839803
angular: 
  x: 0
  y: 0
  z: 0","position: 
  x: -0.65063701722
  y: -2.00566011533
  z: 4.9949593544
orientation: 
  x: -0.0099028600568
  y: 0.113414768257
  z: 0.0125740903431
  w: 0.993418801894","linear: 
  x: 1.33941435814
  y: -0.380951374769
  z: 0.00192520348355
angular: 
  x: -0.00800038035959
  y: -0.0435895621777
  z: 0.0166416522115","position: 
  x: 4.44374068386
  y: -2.09850713283
  z: 5.0
orientation: 
  x: 0.0
  y: 0.0
  z: 0.0
  w: 0.0"
144,"linear: 
  x: 1.9999448061
  y: -0.014854031615
  z: 0.0005304211663887361
angular: 
  x: 0
  y: 0
  z: 0","position: 
  x: -0.372852431267
  y: -2.06273323163
  z: 4.99872255325
orientation: 
  x: -0.00817984427159
  y: 0.110144710367
  z: 0.0127409918651
  w: 0.993800231461","linear: 
  x: 1.38270103931
  y: -0.324442058802
  z: -0.000842896522954
angular: 
  x: 0.00930140074342
  y: 0.00102009670809
  z: -9.68722160906e-05","position: 
  x: 4.44374068386
  y: -2.09850713283
  z: 5.0
orientation: 
  x: 0.0
  y: 0.0
  z: 0.0
  w: 0.0"
145,"linear: 
  x: 1.99999260902
  y: 0.00543630635366
  z: -0.0003188567835394105
angular: 
  x: 0
  y: 0
  z: 0","position: 
  x: -0.0815006360709
  y: -2.11080747708
  z: 5.00072145462
orientation: 
  x: -0.00717078533509
  y: 0.111957495856
  z: 0.0125351041716
  w: 0.993608056591","linear: 
  x: 1.39920401573
  y: -0.288248986006
  z: 0.000765989068896
angular: 
  x: 0.00482180248946
  y: 0.0526538603008
  z: -0.00097388017457","position: 
  x: 4.44374068386
  y: -2.09850713283
  z: 5.0
orientation: 
  x: 0.0
  y: 0.0
  z: 0.0
  w: 0.0"
146,"linear: 
  x: 1.99985563755
  y: 0.0240035820752
  z: -0.0010856523762424173
angular: 
  x: 0
  y: 0
  z: 0","position: 
  x: 0.215263022453
  y: -2.14926010236
  z: 5.00229549408
orientation: 
  x: -0.00615704321082
  y: 0.11241682028
  z: 0.0128394047221
  w: 0.99355910696","linear: 
  x: 1.43645715714
  y: -0.258012086153
  z: -0.00209416216239
angular: 
  x: 0.031605899334
  y: -0.0415327325463
  z: 0.00358050805517","position: 
  x: 4.44374068386
  y: -2.09850713283
  z: 5.0
orientation: 
  x: 0.0
  y: 0.0
  z: 0.0
  w: 0.0"
147,"linear: 
  x: 1.99939799309
  y: 0.0489884316921
  z: 0.0028181121918280268
angular: 
  x: 0
  y: 0
  z: 0","position: 
  x: 0.674661768943
  y: -2.19085556134
  z: 4.99468755722
orientation: 
  x: -0.00769332771958
  y: 0.113346500249
  z: 0.0130614348672
  w: 0.993439873625","linear: 
  x: 1.46488714218
  y: -0.225151985884
  z: -0.00758118322119
angular: 
  x: 0.00372761348262
  y: -0.0228049214929
  z: -0.0289450157434","position: 
  x: 4.44374068386
  y: -2.09850713283
  z: 5.0
orientation: 
  x: 0.0
  y: 0.0
  z: 0.0
  w: 0.0"
148,"linear: 
  x: 1.9988656044
  y: 0.0670901760459
  z: 0.005949587082646956
angular: 
  x: 0
  y: 0
  z: 0","position: 
  x: 0.987711562186
  y: -2.21450573071
  z: 4.98971319199
orientation: 
  x: -0.00941770750581
  y: 0.112755757825
  z: 0.0131160985246
  w: 0.993491526799","linear: 
  x: 1.48652243614
  y: -0.206477686763
  z: 0.00218957010657
angular: 
  x: -0.0246879532933
  y: 0.00808001961559
  z: 0.00502272928134","position: 
  x: 4.44374068386
  y: -2.09850713283
  z: 5.0
orientation: 
  x: 0.0
  y: 0.0
  z: 0.0
  w: 0.0"
149,"linear: 
  x: 1.99817466736
  y: 0.0852603986859
  z: 0.005362064160636565
angular: 
  x: 0
  y: 0
  z: 0","position: 
  x: 1.30194200423
  y: -2.23256498441
  z: 4.99156904221
orientation: 
  x: -0.0107388900964
  y: 0.113830361595
  z: 0.0132966979284
  w: 0.993353171255","linear: 
  x: 1.50621318817
  y: -0.185227453709
  z: 0.00379688036628
angular: 
  x: -0.0538655221462
  y: -0.0604048036039
  z: 0.00172585248947","position: 
  x: 4.44374068386
  y: -2.09850713283
  z: 5.0
orientation: 
  x: 0.0
  y: 0.0
  z: 0.0
  w: 0.0"
150,"linear: 
  x: 1.96163904667
  y: 0.101794965565
  z: 0.003207728139913318
angular: 
  x: 0
  y: 0
  z: 0","position: 
  x: 1.62190069106
  y: -2.24494033917
  z: 4.99538564682
orientation: 
  x: -0.0116538561527
  y: 0.114267152023
  z: 0.0141599498385
  w: 0.993280776732","linear: 
  x: 1.52136182785
  y: -0.173896118999
  z: 0.00333553319797
angular: 
  x: 0.0329465679824
  y: 0.0141351763159
  z: 0.0141871552914","position: 
  x: 4.44374068386
  y: -2.09850713283
  z: 5.0
orientation: 
  x: 0.0
  y: 0.0
  z: 0.0
  w: 0.0"
151,"linear: 
  x: 1.93510496616
  y: 0.120927132666
  z: 0.00900168342455807
angular: 
  x: 0
  y: 0
  z: 0","position: 
  x: 1.94894040969
  y: -2.25441032514
  z: 4.98839473724
orientation: 
  x: -0.0126919438789
  y: 0.114083205175
  z: 0.0136179838954
  w: 0.993296777087","linear: 
  x: 1.54483234882
  y: -0.154679939151
  z: 0.00336542027071
angular: 
  x: -0.0548833571374
  y: -0.00169941550121
  z: -0.0292655657977","position: 
  x: 4.44374068386
  y: -2.09850713283
  z: 5.0
orientation: 
  x: 0.0
  y: 0.0
  z: 0.0
  w: 0.0"
152,"linear: 
  x: 1.8909842968
  y: 0.139219880104
  z: 0.015325284116801622
angular: 
  x: 0
  y: 0
  z: 0","position: 
  x: 2.27471984771
  y: -2.25819688901
  z: 4.98242139816
orientation: 
  x: -0.0144692548662
  y: 0.112555230232
  z: 0.0141901689831
  w: 0.993438775122","linear: 
  x: 1.54313957691
  y: -0.140182569623
  z: 0.00601261528209
angular: 
  x: -0.0357620790601
  y: 0.0133878216147
  z: 0.0201535318047","position: 
  x: 4.44374068386
  y: -2.09850713283
  z: 5.0
orientation: 
  x: 0.0
  y: 0.0
  z: 0.0
  w: 0.0"
153,"linear: 
  x: 1.81767499447
  y: 0.158582776785
  z: 0.020876225340771208
angular: 
  x: 0
  y: 0
  z: 0","position: 
  x: 2.60122217086
  y: -2.25925737485
  z: 4.97883844376
orientation: 
  x: -0.0144511421765
  y: 0.112053661043
  z: 0.0140676480193
  w: 0.993497480025","linear: 
  x: 1.55076050758
  y: -0.120117604733
  z: 0.00472644716501
angular: 
  x: 0.0347565375268
  y: 0.0241655800492
  z: 0.0171094685793","position: 
  x: 4.44374068386
  y: -2.09850713283
  z: 5.0
orientation: 
  x: 0.0
  y: 0.0
  z: 0.0
  w: 0.0"
154,"linear: 
  x: 1.69810569286
  y: 0.175920039415
  z: 0.03416051903386089
angular: 
  x: 0
  y: 0
  z: 0","position: 
  x: 2.92828859237
  y: -2.25550466641
  z: 4.96951389313
orientation: 
  x: -0.0154687830919
  y: 0.11044697609
  z: 0.0141175499182
  w: 0.993661349257","linear: 
  x: 1.55033743382
  y: -0.109581455588
  z: 0.00872820150107
angular: 
  x: 0.0201024897397
  y: -0.0727707147598
  z: -0.013999460265","position: 
  x: 4.44374068386
  y: -2.09850713283
  z: 5.0
orientation: 
  x: 0.0
  y: 0.0
  z: 0.0
  w: 0.0"
155,"linear: 
  x: 1.51293480396
  y: 0.191126570106
  z: 0.05588231425059027
angular: 
  x: 0
  y: 0
  z: 0","position: 
  x: 3.25003303435
  y: -2.24930626019
  z: 4.95590877533
orientation: 
  x: -0.0171526495523
  y: 0.106315388179
  z: 0.0146348180278
  w: 0.994076781215","linear: 
  x: 1.5428763628
  y: -0.0964797288179
  z: 0.0158977806568
angular: 
  x: -0.0326629541814
  y: 0.0011172266677
  z: 0.0172132104635","position: 
  x: 4.44374068386
  y: -2.09850713283
  z: 5.0
orientation: 
  x: 0.0
  y: 0.0
  z: 0.0
  w: 0.0"
